,Unnamed: 0,CID,Activity_Outcome,Activity_Score,Ratio_Potency_(uM),MW,Polar_Area,Complexity,Heavy_Count,HBondDonor,HBondAcc,RotBonds,IsoSMILES
0,0,12850184,Inactive,0,100.0,426.34,276.0,196.0,27,8,14,8,C(C(=O)[C@H]([C@@H]([C@H](C(=O)[O-])O)O)O)O.C(C(=O)[C@H]([C@@H]([C@H](C(=O)[O-])O)O)O)O.[Ca+2]
1,1,89753,Inactive,0,100.0,527.6,283.0,165.0,27,10,14,8,C([C@H]([C@H]([C@@H]([C@H](C(=O)[O-])O)O)O)O)O.C([C@H]([C@H]([C@@H]([C@H](C(=O)[O-])O)O)O)O)O.[Ba+2]
2,2,9403,Active,53,2.58222,396.6,46.5,597.0,29,1,3,5,C[C@]12CC[C@H]3[C@H]([C@@H]1CC[C@@H]2OC(=O)CCC4CCCC4)CCC5=C3C=CC(=C5)O
3,3,13218779,Inactive,0,100.0,253.36,75.4,384.0,17,0,4,4,C[C@@]12CC[C@@H](C1(C)C)C[C@H]2OC(=O)CSC#N
4,4,142766,Inactive,0,100.0,283.28,90.6,270.0,21,3,5,1,C1=CC=C(C(=C1)C(=O)O)O.C1=CC2=C(C(=C1)O)N=CC=C2
5,5,16043,Inactive,0,100.0,166.22,40.5,148.0,12,2,2,1,CC(C)(C)C1=C(C=CC(=C1)O)O
6,6,2724372,Inactive,0,100.0,294.4,36.4,412.0,22,1,3,3,C=C[C@H]1CN2CCC1C[C@@H]2[C@H](C3=CC=NC4=CC=CC=C34)O
7,7,637566,Inactive,0,100.0,154.25,20.2,150.0,11,1,1,4,CC(=CCC/C(=C/CO)/C)C
8,8,994,Inactive,0,100.0,165.19,63.3,153.0,12,2,3,3,C1=CC=C(C=C1)CC(C(=O)O)N
9,9,4766,Inactive,0,100.0,354.4,92.2,545.0,25,2,5,2,C1=CC=C2C(=C1)C(OS2(=O)=O)(C3=CC=C(C=C3)O)C4=CC=C(C=C4)O
10,10,79472,Inactive,0,100.0,445.3,119.0,513.0,30,6,5,2,CC1=CC(=C2C=C(C=CC2=N1)NC(=O)NC3=CC4=C(C=C(N=C4C=C3)C)N)N.Cl.Cl
11,11,197883,Inactive,0,100.0,182.2,76.6,139.0,10,4,6,3,[C@H]([C@@H](C(=O)O)S)(C(=O)O)S
12,12,51,Inactive,0,100.0,146.1,91.7,171.0,10,2,5,4,C(CC(=O)O)C(=O)C(=O)O
13,13,66064,Inactive,0,100.0,480.4,35.0,510.0,30,2,7,4,CN1CCN(CC1)CCCN2C3=CC=CC=C3SC4=C2C=C(C=C4)C(F)(F)F.Cl.Cl
14,14,8969,Inactive,0,100.0,354.4,65.6,555.0,26,2,4,2,COC(=O)[C@H]1[C@H](CC[C@@H]2[C@@H]1C[C@H]3C4=C(CCN3C2)C5=CC=CC=C5N4)O
15,15,10664,Inactive,0,100.0,241.11,79.4,143.0,14,5,4,2,CC1=NC=C(C(=C1O)CN)CO.Cl.Cl
16,16,8739,Inactive,0,100.0,201.2,106.0,284.0,13,2,5,2,C1=CC(=CC=C1C(=O)O)S(=O)(=O)N
17,17,4904,Inactive,0,100.0,295.4,23.5,294.0,22,1,2,5,C1CCN(CC1)CCC(C2=CC=CC=C2)(C3=CC=CC=C3)O
18,18,65463,Inactive,0,100.0,505.9,6.5,514.0,33,2,2,6,CC(C)(C)C1=CC=C(C=C1)CN2CCN(CC2)C(C3=CC=CC=C3)C4=CC=C(C=C4)Cl.Cl.Cl
19,19,439501,Active,53,0.022421,584.7,207.0,1080.0,41,8,12,4,C[C@H]1[C@@H]([C@H]([C@H]([C@@H](O1)O[C@H]2C[C@H]([C@@]3([C@@H]4[C@@H](CC[C@@]3(C2)O)[C@]5(CC[C@@H]([C@]5(C[C@H]4O)C)C6=CC(=O)OC6)O)CO)O)O)O)O
20,20,65708,Inactive,0,100.0,190.2,66.0,220.0,14,2,3,3,C1=CC=C2C(=C1)NC(=N2)CCC(=O)O
21,21,60196259,Inactive,0,100.0,494.7,122.0,663.0,35,6,7,4,C[C@H](CCC(=O)O)[C@H]1CC[C@@H]2[C@@]1([C@H](C[C@H]3[C@H]2[C@@H](C[C@H]4[C@@]3(CC[C@H](C4)O)C)O)O)C.C1CNCCN1
22,22,5338,Inactive,0,100.0,300.34,106.0,442.0,21,2,6,3,C1=CC=C2C(=C1)N=CC(=N2)NS(=O)(=O)C3=CC=C(C=C3)N
23,23,3246155,Inactive,0,100.0,403.5,75.2,433.0,28,1,5,4,CN1[C@@H]2CC[C@H]1CC(C2)OC(C3=CC=CC=C3)C4=CC=CC=C4.CS(=O)(=O)O
24,24,5920,Inactive,0,100.0,650.97,92.8,402.0,23,3,5,5,C1=CC(=C(C=C1OC2=C(C=C(C=C2I)C[C@@H](C(=O)O)N)I)I)O
25,25,54724367,Inactive,0,100.0,564.0,171.0,1110.0,39,7,10,4,C[C@@]1(C2C[C@H]3[C@@H](C(=O)C(=C([C@]3(C(=O)C2=C(C4=C1C=CC=C4O)O)O)O)C(=O)NCN5CCCC5)N(C)C)O.Cl
26,26,667466,Inactive,0,100.0,315.9,28.5,381.0,21,0,2,3,CN(C)CC/C=C/1\\C2=CC=CC=C2SC3=C1C=C(C=C3)Cl
27,27,24403,Inactive,0,100.0,265.9,136.0,124.0,13,0,7,0,[O-]P(=O)([O-])OP(=O)([O-])[O-].[Na+].[Na+].[Na+].[Na+]
28,28,6419941,Inactive,0,100.0,356.25,49.8,340.0,21,2,4,4,CN1[C@@H]2CC[C@H]1CC(C2)OC(=O)C(C3=CC=CC=C3)O.Br
29,29,6603108,Inactive,0,100.0,384.3,62.3,418.0,23,2,5,5,CN1[C@@H]2CC(C[C@H]1[C@H]3[C@@H]2O3)OC(=O)[C@H](CO)C4=CC=CC=C4.Br
30,30,6419978,Inactive,0,100.0,400.3,77.1,460.0,24,2,5,5,C[N+]1([C@@H]2CC(C[C@H]1[C@H]3[C@@H]2O3)OC(=O)[C@H](CO)C4=CC=CC=C4)[O-].Br
31,31,5459110,Inactive,0,100.0,398.3,59.1,454.0,24,1,5,5,C[N+]1([C@@H]2CC(C[C@H]1[C@H]3[C@@H]2O3)OC(=O)[C@H](CO)C4=CC=CC=C4)C.[Br-]
32,32,656597,Inactive,0,100.0,384.3,46.5,387.0,23,1,4,5,C[N+]1([C@@H]2CC[C@H]1CC(C2)OC(=O)C(CO)C3=CC=CC=C3)C.[Br-]
33,33,3000668,Inactive,0,100.0,305.4,64.59899999999999,394.0,22,1,4,5,C[N+]1([C@@H]2CC[C@H]1CC(C2)OC(=O)C(CO)C3=CC=CC=C3)[O-]
34,34,22576,Inactive,0,100.0,311.8,3.2,365.0,22,1,1,3,CN(C)CCC=C1C2=CC=CC=C2C=CC3=CC=CC=C31.Cl
35,35,2333,Inactive,0,100.0,424.1,50.4,405.0,22,1,3,3,CCC1=C(C2=CC=CC=C2O1)C(=O)C3=CC(=C(C(=C3)Br)O)Br
36,36,614,Inactive,0,100.0,115.13,49.3,103.0,8,2,3,1,C1CC(NC1)C(=O)O
37,37,94280,Inactive,0,100.0,294.4,6.5,337.0,22,0,2,4,CC1(C2=CC=CC=C2N(C3=CC=CC=C31)CCCN(C)C)C
38,38,23664709,Inactive,0,100.0,372.5,115.0,536.0,24,1,5,4,CC1([C@@H](N2[C@H](S1)[C@@H](C2=O)NC(=O)CC3=CC=CC=C3)C(=O)[O-])C.[K+]
39,39,546,Inactive,0,100.0,140.03,94.8,133.0,8,3,5,2,C(C(=O)O)P(=O)(O)O
40,40,16678045,Inactive,0,100.0,593.7,112.0,1060.0,44,2,7,3,CC1=CC(=C(N1C2=CC=CC(=C2)C(=O)O)C)C(=O)O.C1CN2CC3=CCO[C@H]4CC(=O)N5[C@H]6[C@H]4[C@H]3C[C@H]2[C@@]61C7=CC=CC=C75
41,41,14676,Inactive,0,100.0,332.9,31.8,339.0,22,1,3,2,CN1CCC(C1)CN2C3=CC=CC=C3SC4=CC=CC=C42.Cl
42,42,441358,Inactive,0,100.0,299.8,12.0,307.0,21,2,1,3,CNCCC=C1C2=CC=CC=C2CCC3=CC=CC=C31.Cl
43,43,71822,Inactive,0,100.0,363.0,31.8,373.0,24,1,3,5,CCC1=CC2=C(C=C1)SC3=CC=CC=C3N2CC(C)CN(C)C.Cl
44,44,298391,Inactive,0,100.0,387.5,99.2,481.0,27,3,4,3,CC1=CC=C(C=C1)S(=O)(=O)O.C1CCC2=C(C1)C=CC=C2NC3=NCCN3
45,45,4078,Inactive,0,100.0,386.6,68.1,502.0,26,0,5,4,CN1CCCCC1CCN2C3=CC=CC=C3SC4=C2C=C(C=C4)S(=O)C
46,46,2348,Inactive,0,100.0,387.9,135.0,653.0,24,3,7,3,C1=CC=C(C=C1)CC2NC3=CC(=C(C=C3S(=O)(=O)N2)S(=O)(=O)N)Cl
47,47,23667629,Inactive,0,100.0,475.9,141.0,764.0,31,1,8,4,CC1=C(C(=NO1)C2=C(C=CC=C2Cl)F)C(=O)N[C@H]3[C@@H]4N(C3=O)[C@H](C(S4)(C)C)C(=O)[O-].[Na+]
48,48,122820,Inactive,0,100.0,482.5,86.2,601.0,30,2,5,4,C1CN(CCC12NC(=O)CS2)CCCN3C4=CC=CC=C4SC5=C3C=C(C=C5)Cl.Cl
49,49,3151,Inactive,0,100.0,425.9,67.9,655.0,30,2,3,5,C1CN(CCC1N2C3=C(C=C(C=C3)Cl)NC2=O)CCCN4C5=CC=CC=C5NC4=O
50,50,65758,Inactive,0,100.0,257.67,51.8,273.0,18,0,4,2,C1=CC=C(C(=C1)C2=NC(=NO2)C3=CC=NC=C3)Cl
51,51,4614,Inactive,0,100.0,293.3,63.3,361.0,22,1,4,5,C1=CC=C(C=C1)C2=C(OC(=N2)CCC(=O)O)C3=CC=CC=C3
52,52,71203,Inactive,0,100.0,294.4,25.2,492.0,22,0,2,1,CC[C@@]12CCCN3[C@@H]1C4=C(CC3)C5=CC=CC=C5N4C(=O)C2
53,53,3061720,Inactive,0,100.0,276.76,85.6,230.0,18,5,5,5,CC(C)(C)NCC(C1=NC(=C(C=C1)O)CO)O.Cl
54,54,35370,Inactive,0,100.0,267.24,93.2,484.0,19,2,6,3,CC1=CN(C(=O)NC1=O)[C@H]2C[C@@H]([C@H](O2)CO)N=[N+]=[N-]
55,55,2266,Inactive,0,100.0,188.22,74.6,147.0,13,2,4,8,C(CCCC(=O)O)CCCC(=O)O
56,56,2170,Inactive,0,100.0,313.8,36.9,424.0,22,1,3,1,C1CN(CCN1)C2=NC3=CC=CC=C3OC4=C2C=C(C=C4)Cl
57,57,1727,Inactive,0,100.0,94.11,38.9,48.0,7,1,2,0,C1=CN=CC=C1N
58,58,2081,Inactive,0,100.0,255.74,52.3,260.0,17,1,3,5,CC(C(=O)OC(C)(C)CC1=CC=C(C=C1)Cl)N
59,59,1989,Inactive,0,100.0,324.4,101.0,498.0,22,2,4,4,CC(=O)C1=CC=C(C=C1)S(=O)(=O)NC(=O)NC2CCCCC2
60,60,2130,Inactive,0,100.0,151.25,26.0,144.0,11,1,1,0,C1C2CC3CC1CC(C2)(C3)N
61,61,169371,Inactive,0,100.0,440.4,219.0,674.0,32,6,12,9,C1=CC(=CC=C1C(=O)N[C@@H](CCC(=O)O)C(=O)O)NCC2=CN=C3C(=N2)C(=NC(=N3)N)N
62,62,5283389,Inactive,0,100.0,361.5,66.4,476.0,26,2,3,16,CCCCC/C=C\\C/C=C\\C/C=C\\C/C=C\\CCCC(=O)NCC(=O)O
63,63,119,Inactive,0,100.0,103.12,63.3,62.7,7,2,3,3,C(CC(=O)O)CN
64,64,1967,Inactive,0,100.0,326.4,54.4,692.0,24,1,3,6,CC1=C(C(=O)C(=C(C1=O)C)CCCCC#CCCCC#CCO)C
65,65,1935,Inactive,0,100.0,198.26,38.9,229.0,15,1,2,0,C1CCC2=NC3=CC=CC=C3C(=C2C1)N
66,66,2265,Inactive,0,100.0,277.27,143.0,354.0,19,1,7,2,CN1C=NC(=C1SC2=NC=NC3=C2NC=N3)[N+](=O)[O-]
67,67,135398513,Inactive,0,100.0,225.2,115.0,308.0,16,3,5,4,C1=NC2=C(N1COCCO)N=C(NC2=O)N
68,68,2244,Inactive,0,100.0,180.16,63.6,212.0,13,1,4,3,CC(=O)OC1=CC=CC=C1C(=O)O
69,69,2141,Inactive,0,100.0,214.23,121.0,152.0,12,4,6,7,C(CN)CNCCSP(=O)(O)O
70,70,1986,Inactive,0,100.0,222.3,152.0,297.0,13,2,7,2,CC(=O)NC1=NN=C(S1)S(=O)(=O)N
71,71,2230,Inactive,0,100.0,155.19,29.5,187.0,11,0,3,2,CN1CCC=C(C1)C(=O)OC
72,72,16231,Inactive,0,100.0,229.63,159.0,279.0,15,4,5,1,C1(=C(N=C(C(=N1)Cl)N)N)C(=O)N=C(N)N
73,73,564,Inactive,0,100.0,131.17,63.3,83.1,9,2,3,5,C(CCC(=O)O)CCN
74,74,135401907,Inactive,0,100.0,136.11,70.1,190.0,10,2,3,0,C1=NNC2=C1C(=O)NC=N2
75,75,2157,Inactive,0,100.0,645.3,42.7,547.0,31,0,4,11,CCCCC1=C(C2=CC=CC=C2O1)C(=O)C3=CC(=C(C(=C3)I)OCCN(CC)CC)I
76,76,2119,Inactive,0,100.0,249.35,41.5,231.0,18,2,3,8,CC(C)NCC(COC1=CC=CC=C1CC=C)O
77,77,2123,Inactive,0,100.0,210.28,48.4,148.0,15,0,6,3,CN(C)C1=NC(=NC(=N1)N(C)C)N(C)C
78,78,2196,Inactive,0,100.0,219.24,46.6,282.0,16,0,3,2,COC1=CC=C(C=C1)C(=O)N2CCCC2=O
79,79,4768,Inactive,0,100.0,303.8,12.5,262.0,21,0,2,8,CC(COC1=CC=CC=C1)N(CCCl)CC2=CC=CC=C2
80,80,2471,Inactive,0,100.0,364.4,127.0,528.0,25,3,7,8,CCCCNC1=C(C(=CC(=C1)C(=O)O)S(=O)(=O)N)OC2=CC=CC=C2
81,81,2351,Inactive,0,100.0,366.5,15.7,382.0,27,0,3,10,CC(C)COCC(CN(CC1=CC=CC=C1)C2=CC=CC=C2)N3CCCC3
82,82,2284,Inactive,0,100.0,213.66,63.3,191.0,14,2,3,4,C1=CC(=CC=C1C(CC(=O)O)CN)Cl
83,83,2369,Inactive,0,100.0,307.4,50.7,286.0,22,2,4,11,CC(C)NCC(COC1=CC=C(C=C1)CCOCC2CC2)O
84,84,2477,Inactive,0,100.0,385.5,69.6,529.0,28,0,6,6,C1CCC2(C1)CC(=O)N(C(=O)C2)CCCCN3CCN(CC3)C4=NC=CC=N4
85,85,2717,Inactive,0,100.0,273.74,62.8,395.0,17,0,3,1,CN1C(S(=O)(=O)CCC1=O)C2=CC=C(C=C2)Cl
86,86,1687,Inactive,0,100.0,341.9,12.5,389.0,24,0,2,4,CN1C2CCC1CC(C2)OC(C3=CC=CC=C3)C4=CC=C(C=C4)Cl
87,87,2765,Inactive,0,100.0,216.28,33.6,273.0,16,1,2,4,C1CC1C2=CC=CC=C2OCC3=NCCN3
88,88,2708,Inactive,0,100.0,304.2,40.5,250.0,19,1,3,9,C1=CC(=CC=C1CCCC(=O)O)N(CCCl)CCCl
89,89,2578,Inactive,0,100.0,214.05,61.8,156.0,12,1,3,4,C(CCl)NC(=O)N(CCCl)N=O
90,90,2754,Inactive,0,100.0,369.5,81.9,485.0,27,1,5,7,C1CCC(CC1)N2C(=NN=N2)CCCCOC3=CC4=C(C=C3)NC(=O)CC4
91,91,6241,Inactive,0,100.0,386.31,191.0,520.0,27,4,10,5,CN1C=NC2=C1C(=O)N(C(=O)N2C)C.C(C(=O)O)C(CC(=O)O)(C(=O)O)O
92,92,22420,Inactive,0,100.0,279.1,42.6,212.0,15,2,5,5,C1CNP(=O)(OC1)N(CCCl)CCCl.O
93,93,72276,Inactive,0,100.0,290.27,110.0,364.0,21,5,6,1,C1[C@H]([C@H](OC2=CC(=CC(=C21)O)O)C3=CC(=C(C=C3)O)O)O
94,94,2727,Inactive,0,100.0,276.74,83.6,345.0,17,2,3,4,CCCNC(=O)NS(=O)(=O)C1=CC=C(C=C1)Cl
95,95,4211,Inactive,0,100.0,320.0,0.0,248.0,18,0,0,3,C1=CC=C(C(=C1)C(C2=CC=C(C=C2)Cl)C(Cl)Cl)Cl
96,96,2554,Active,51,4.41903,236.27,46.3,326.0,18,1,1,0,C1=CC=C2C(=C1)C=CC3=CC=CC=C3N2C(=O)N
97,97,2733,Inactive,0,100.0,169.56,38.3,185.0,11,1,2,0,C1=CC2=C(C=C1Cl)NC(=O)O2
98,98,2756,Inactive,0,100.0,252.34,114.0,296.0,17,3,4,7,CC1=C(N=CN1)CSCCNC(=NC)NC#N
99,99,2720,Inactive,0,100.0,295.7,135.0,532.0,17,2,6,1,C1=C2C(=CC(=C1Cl)S(=O)(=O)N)S(=O)(=O)N=CN2
100,100,5309446,Inactive,0,100.0,362.3,21.1,377.0,24,1,2,4,C1CCN(C1)CC2=NC3=CC=CC=C3N2CC4=CC=C(C=C4)Cl.Cl
101,101,1547484,Inactive,0,100.0,368.5,6.5,429.0,28,0,2,6,C1CN(CCN1C/C=C/C2=CC=CC=C2)C(C3=CC=CC=C3)C4=CC=CC=C4
102,102,1355,Inactive,0,100.0,196.67,15.3,157.0,13,1,2,1,C1CN(CCN1)C2=CC(=CC=C2)Cl
103,103,2812,Inactive,0,100.0,344.8,17.8,396.0,25,0,1,4,C1=CC=C(C=C1)C(C2=CC=CC=C2)(C3=CC=CC=C3Cl)N4C=CN=C4
104,104,2913,Inactive,0,100.0,287.4,3.2,423.0,22,0,1,0,CN1CCC(=C2C3=CC=CC=C3C=CC4=CC=CC=C42)CC1
105,105,135398737,Inactive,0,100.0,326.8,30.9,446.0,23,1,3,1,CN1CCN(CC1)C2=NC3=C(C=CC(=C3)Cl)NC4=CC=CC=C42
106,106,4652,Inactive,0,100.0,199.63,63.3,179.0,13,2,3,3,C1=CC(=CC=C1CC(C(=O)O)N)Cl
107,107,64927,Inactive,0,100.0,515.9,184.0,359.0,32,7,11,8,CCN(CC)CCCC(C)NC1=C2C=CC(=CC2=NC=C1)Cl.OP(=O)(O)O.OP(=O)(O)O
108,108,2796,Inactive,0,100.0,242.7,35.5,232.0,16,0,3,5,CCOC(=O)C(C)(C)OC1=CC=C(C=C1)Cl
109,109,2803,Inactive,0,100.0,230.09,36.4,222.0,14,2,1,2,C1CN=C(N1)NC2=C(C=CC=C2Cl)Cl
110,110,2753,Inactive,0,100.0,342.4,58.6,499.0,25,1,3,6,CN(C1CCCCC1)C(=O)CCCOC2=CC3=C(C=C2)NC(=O)C=C3
111,111,2726,Inactive,0,100.0,318.9,31.8,339.0,21,0,3,4,CN(C)CCCN1C2=CC=CC=C2SC3=C1C=C(C=C3)Cl
112,112,2762,Inactive,0,100.0,262.22,88.4,449.0,19,1,7,2,CCN1C2=CC3=C(C=C2C(=O)C(=N1)C(=O)O)OCO3
113,113,2576,Inactive,0,100.0,260.329,90.6,281.0,18,2,4,9,CCCC(C)(COC(=O)N)COC(=O)NC(C)C
114,114,19379,Inactive,0,100.0,294.17,38.8,228.0,18,1,4,7,CN(C)CCOC(=O)COC1=CC=C(C=C1)Cl.Cl
115,115,2910,Inactive,0,100.0,389.9,135.0,758.0,24,3,7,2,C1C2CC(C1C=C2)C3NC4=CC(=C(C=C4S(=O)(=O)N3)S(=O)(=O)N)Cl
116,116,36811,Inactive,0,100.0,301.4,72.7,305.0,22,4,4,7,CC(CCC1=CC=C(C=C1)O)NCCC2=CC(=C(C=C2)O)O
117,117,3100,Inactive,0,100.0,255.35,12.5,211.0,19,0,2,6,CN(C)CCOC(C1=CC=CC=C1)C2=CC=CC=C2
118,118,10649,Inactive,0,100.0,527.6,59.8,532.0,36,2,4,11,CC1=[N+](C2=CC=CC=C2C(=C1)N)CCCCCCCCCC[N+]3=C(C=C(C4=CC=CC=C43)N)C.[Cl-].[Cl-]
119,119,65327,Inactive,0,100.0,302.8,15.3,267.0,21,2,2,4,CNCCCN1C2=CC=CC=C2CCC3=CC=CC=C31.Cl
120,120,6419921,Inactive,0,100.0,315.8,12.5,363.0,22,1,2,3,CN(C)CC/C=C/1\\C2=CC=CC=C2COC3=CC=CC=C31.Cl
121,121,3053,Inactive,0,100.0,393.35,196.0,481.0,27,5,13,16,C(CN(CC(=O)O)CC(=O)O)N(CCN(CC(=O)O)CC(=O)O)CC(=O)O
122,122,3019,Inactive,0,100.0,230.67,66.9,360.0,14,1,3,0,CC1=NS(=O)(=O)C2=C(N1)C=CC(=C2)Cl
123,123,4943,Inactive,0,100.0,178.27,20.2,135.0,13,1,1,2,CC(C)C1=C(C(=CC=C1)C(C)C)O
124,124,9363,Inactive,0,100.0,223.27,49.8,228.0,16,1,3,4,CCN(CC)C(=O)C1=CC(=C(C=C1)O)OC
125,125,53708,Inactive,0,100.0,248.3,83.5,371.0,17,2,3,3,CC1=C(NC(=O)N1)C(=O)C2=CC=C(C=C2)SC
126,126,8307,Inactive,0,100.0,201.69,20.2,145.0,13,1,2,2,CC[N+](C)(C)C1=CC(=CC=C1)O.[Cl-]
127,127,3194,Inactive,0,100.0,274.2,20.3,275.0,16,0,1,1,C1=CC=C(C=C1)N2C(=O)C3=CC=CC=C3[Se]2
128,128,6207,Inactive,0,100.0,380.35,174.0,397.0,26,4,12,17,C(COCCOCCN(CC(=O)O)CC(=O)O)N(CC(=O)O)CC(=O)O
129,129,3396,Inactive,0,100.0,475.6,35.6,653.0,35,1,5,7,C1CN(CCC12C(=O)NCN2C3=CC=CC=C3)CCCC(C4=CC=C(C=C4)F)C5=CC=C(C=C5)F
130,130,3433,Inactive,0,100.0,260.25,82.4,402.0,19,1,4,2,CC1=NC2=C(N1)C(=O)N(C(=O)N2CC3=CC=CO3)C
131,131,3386,Inactive,0,100.0,309.33,21.3,308.0,22,1,5,6,CNCCC(C1=CC=CC=C1)OC2=CC=C(C=C2)C(F)(F)F
132,132,3331,Inactive,0,100.0,238.24,105.0,246.0,17,2,4,7,C1=CC=C(C=C1)C(COC(=O)N)COC(=O)N
133,133,3372,Inactive,0,100.0,437.5,55.2,544.0,30,1,8,6,C1CN(CCN1CCCN2C3=CC=CC=C3SC4=C2C=C(C=C4)C(F)(F)F)CCO
134,134,3339,Inactive,0,100.0,360.8,52.6,458.0,25,0,4,7,CC(C)OC(=O)C(C)(C)OC1=CC=C(C=C1)C(=O)C2=CC=C(C=C2)Cl
135,135,3373,Inactive,0,100.0,303.29,64.4,461.0,22,0,5,3,CCOC(=O)C1=C2CN(C(=O)C3=C(N2C=N1)C=CC(=C3)F)C
136,136,3442,Inactive,0,100.0,179.22,50.2,170.0,13,1,3,4,CCCCC1=CN=C(C=C1)C(=O)O
137,137,3385,Inactive,0,100.0,130.08,58.2,199.0,9,2,3,0,C1=C(C(=O)NC(=O)N1)F
138,138,3356,Inactive,0,100.0,414.34,59.6,500.0,28,2,10,7,C1CCNC(C1)CNC(=O)C2=C(C=CC(=C2)OCC(F)(F)F)OCC(F)(F)F
139,139,3341,Inactive,0,100.0,305.75,72.7,348.0,21,4,4,1,C1CNCC(C2=CC(=C(C(=C21)Cl)O)O)C3=CC=C(C=C3)O
140,140,3325,Inactive,0,100.0,337.5,238.0,469.0,20,4,8,7,C1=C(N=C(S1)N=C(N)N)CSCCC(=NS(=O)(=O)N)N
141,141,3397,Inactive,0,100.0,276.21,74.9,352.0,19,1,6,2,CC(C)C(=O)NC1=CC(=C(C=C1)[N+](=O)[O-])C(F)(F)F
142,142,3478,Inactive,0,100.0,445.5,139.0,697.0,31,3,6,7,CC1=CN=C(C=N1)C(=O)NCCC2=CC=C(C=C2)S(=O)(=O)NC(=O)NC3CCCCC3
143,143,3446,Inactive,0,100.0,171.24,63.3,162.0,12,2,3,3,C1CCC(CC1)(CC(=O)O)CN
144,144,3488,Inactive,0,100.0,494.0,122.0,746.0,33,3,5,8,COC1=C(C=C(C=C1)Cl)C(=O)NCCC2=CC=C(C=C2)S(=O)(=O)NC(=O)NC3CCCCC3
145,145,71401,Inactive,0,100.0,282.5,81.5,256.0,16,3,1,2,C1=CC(=C(C(=C1)Cl)CC(=O)N=C(N)N)Cl.Cl
146,146,135398740,Inactive,0,100.0,255.23,135.0,346.0,18,4,6,5,C1=NC2=C(N1COC(CO)CO)N=C(NC2=O)N
147,147,5280961,Inactive,0,100.0,270.24,87.0,411.0,20,3,5,1,C1=CC(=CC=C1C2=COC3=CC(=CC(=C3C2=O)O)O)O
148,148,3559,Inactive,0,100.0,375.9,40.5,451.0,26,1,4,6,C1CN(CCC1(C2=CC=C(C=C2)Cl)O)CCCC(=O)C3=CC=C(C=C3)F
149,149,9351,Inactive,0,100.0,196.64,63.8,150.0,13,3,4,1,C1=CC=C2C(=C1)C=NN=C2NN.Cl
150,150,5702293,Inactive,0,100.0,330.33,134.0,377.0,24,4,7,2,C1CC(C2=C(C3=CC=CC=C3N=C2C1)N)O.C(=C\\C(=O)O)\\C(=O)O
151,151,3639,Inactive,0,100.0,297.7,135.0,494.0,17,3,7,1,C1NC2=CC(=C(C=C2S(=O)(=O)N1)S(=O)(=O)N)Cl
152,152,774,Inactive,0,100.0,111.15,54.7,64.7,8,2,2,2,C1=C(NC=N1)CCN
153,153,681,Inactive,0,100.0,153.18,66.5,119.0,11,3,3,2,C1=CC(=C(C=C1CCN)O)O
154,154,3657,Inactive,0,100.0,76.055,75.4,42.9,5,3,2,0,C(=O)(N)NO
155,155,785,Inactive,0,100.0,110.11,40.5,54.9,8,2,2,0,C1=CC(=CC=C1O)O
156,156,3672,Inactive,0,100.0,206.28,37.3,203.0,15,1,2,4,CC(C)CC1=CC=C(C=C1)C(C)C(=O)O
157,157,55918,Inactive,0,100.0,240.26,59.3,347.0,18,1,3,2,C1CC(=O)NN=C1C2=CC=C(C=C2)N3C=CN=C3
158,158,3779,Inactive,0,100.0,211.26,72.7,187.0,15,4,4,4,CC(C)NCC(C1=CC(=C(C=C1)O)O)O
159,159,54459,Inactive,0,100.0,204.22,42.8,267.0,15,1,3,1,C1CN=C(N1)C2COC3=CC=CC=C3O2
160,160,3696,Inactive,0,100.0,280.4,6.5,291.0,21,0,2,4,CN(C)CCCN1C2=CC=CC=C2CCC3=CC=CC=C31
161,161,133621,Inactive,0,100.0,244.29,36.3,275.0,18,0,3,3,CCN1C=CN=C1CC2COC3=CC=CC=C3O2
162,162,3827,Inactive,0,100.0,309.4,48.6,476.0,22,0,3,0,CN1CCC(=C2C3=C(C(=O)CC4=CC=CC=C42)SC=C3)CC1
163,163,3932,Inactive,0,100.0,391.5,46.1,555.0,30,0,3,5,C1=CC=C(C=C1)N2C3=CC=CC=C3C(C2=O)(CC4=CC=NC=C4)CC5=CC=NC=C5
164,164,3965,Inactive,0,100.0,246.3,54.4,316.0,18,1,3,4,CC(C1=CC=C(C=C1)CC2CCCC2=O)C(=O)O
165,165,3878,Inactive,0,100.0,256.089,90.7,242.0,16,2,5,1,C1=CC(=C(C(=C1)Cl)Cl)C2=C(N=C(N=N2)N)N
166,166,3955,Inactive,0,100.0,477.0,43.8,623.0,34,1,3,7,CN(C)C(=O)C(CCN1CCC(CC1)(C2=CC=C(C=C2)Cl)O)(C3=CC=CC=C3)C4=CC=CC=C4
167,167,3676,Inactive,0,100.0,234.34,32.299,228.0,17,1,2,5,CCN(CC)CC(=O)NC1=C(C=CC=C1C)C
168,168,3883,Inactive,0,100.0,369.4,87.1,480.0,25,1,8,5,CC1=C(C=CN=C1CS(=O)C2=NC3=CC=CC=C3N2)OCC(F)(F)F
169,169,3957,Inactive,0,100.0,382.9,42.4,569.0,27,0,3,2,CCOC(=O)N1CCC(=C2C3=C(CCC4=C2N=CC=C4)C=C(C=C3)Cl)CC1
170,170,4170,Inactive,0,100.0,365.8,101.0,594.0,24,2,5,2,CC1NC2=CC(=C(C=C2C(=O)N1C3=CC=CC=C3C)S(=O)(=O)N)Cl
171,171,65710,Inactive,0,100.0,371.4,126.0,500.0,27,4,8,5,CC1=CC=CC=C1CNC2=C3C(=NC=N2)N(C=N3)[C@H]4[C@@H]([C@@H]([C@H](O4)CO)O)O
172,172,4168,Inactive,0,100.0,299.79,67.6,300.0,20,2,4,7,CCN(CC)CCNC(=O)C1=CC(=C(C=C1OC)N)Cl
173,173,4810,Inactive,0,100.0,241.68,71.4,275.0,16,2,4,3,CC1=NC(=C(C(=N1)Cl)NC2=NCCN2)OC
174,174,5353788,Inactive,0,100.0,242.23,87.0,270.0,17,0,7,4,CCO/C(=N/C1=C[N+](=NO1)N2CCOCC2)/[O-]
175,175,4201,Inactive,0,100.0,209.25,88.9,329.0,15,3,3,1,C1CCN(CC1)C2=NC(=N)N(C(=C2)N)O
176,176,6420039,Inactive,0,100.0,315.83,38.8,304.0,21,1,4,7,CC1=CC(=C(C=C1OC(=O)C)C(C)C)OCCN(C)C.Cl
177,177,896,Inactive,0,100.0,232.28,54.1,270.0,17,2,2,4,CC(=O)NCCC1=CNC2=C1C=C(C=C2)OC
178,178,119442,Inactive,0,100.0,521.1,73.2,639.0,36,1,7,14,CC(C)C(CCCN(C)CCC1=CC(=C(C=C1)OC)OC)(C#N)C2=CC(=C(C(=C2)OC)OC)OC.Cl
179,179,4032,Inactive,0,100.0,167.29,12.0,197.0,12,1,1,1,CC1(C2CCC(C2)C1(C)NC)C
180,180,4054,Inactive,0,100.0,179.3,26.0,240.0,13,1,1,0,CC12CC3CC(C1)(CC(C3)(C2)N)C
181,181,4011,Inactive,0,100.0,277.4,12.0,339.0,21,1,1,4,CNCCCC12CCC(C3=CC=CC=C31)C4=CC=CC=C24
182,182,4507,Inactive,0,100.0,360.4,110.0,661.0,26,1,7,6,CCOC(=O)C1=C(NC(=C(C1C2=CC(=CC=C2)[N+](=O)[O-])C(=O)OC)C)C
183,183,4497,Inactive,0,100.0,418.4,120.0,736.0,30,1,8,9,CC1=C(C(C(=C(N1)C)C(=O)OC(C)C)C2=CC(=CC=C2)[N+](=O)[O-])C(=O)OCCOC
184,184,4500,Inactive,0,100.0,271.35,30.5,253.0,20,1,3,7,CNCCC(C1=CC=CC=C1)OC2=CC=CC=C2OC
185,185,4567,Inactive,0,100.0,299.4,52.5,296.0,22,3,3,7,CC(CCC1=CC=CC=C1)NC(C)C(C2=CC=C(C=C2)O)O
186,186,4418,Inactive,0,100.0,392.5,45.2,483.0,29,1,5,7,COC1=CC=CC=C1N2CCN(CC2)CC(COC3=CC=CC4=CC=CC=C43)O
187,187,4495,Inactive,0,100.0,308.31,110.0,450.0,21,1,6,4,CS(=O)(=O)NC1=C(C=C(C=C1)[N+](=O)[O-])OC2=CC=CC=C2
188,188,4472,Inactive,0,100.0,298.34,83.1,350.0,22,3,4,7,C1=CC=C(C=C1)CNC(=O)CCNNC(=O)C2=CC=NC=C2
189,189,71398,Inactive,0,100.0,302.4,80.9,303.0,22,4,4,5,C[C@H](CC1=CC(=C(C=C1)O)O)[C@@H](C)CC2=CC(=C(C=C2)O)O
190,190,4474,Inactive,0,100.0,479.5,114.0,856.0,35,1,8,10,CC1=C(C(C(=C(N1)C)C(=O)OCCN(C)CC2=CC=CC=C2)C3=CC(=CC=C3)[N+](=O)[O-])C(=O)OC
191,191,4485,Inactive,0,100.0,346.3,110.0,608.0,25,1,7,5,CC1=C(C(C(=C(N1)C)C(=O)OC)C2=CC=CC=C2[N+](=O)[O-])C(=O)OC
192,192,4493,Inactive,0,100.0,317.22,95.2,515.0,22,1,7,1,CC1(C(=O)N(C(=O)N1)C2=CC(=C(C=C2)[N+](=O)[O-])C(F)(F)F)C
193,193,39214,Inactive,0,100.0,272.69,114.0,292.0,18,2,6,4,CC1=NC=C(C(=N1)N)CNC(=O)N(CCCl)N=O
194,194,4581,Inactive,0,100.0,153.18,66.5,111.0,11,3,3,2,C1=CC(=CC=C1C(CN)O)O
195,195,4628,Inactive,0,100.0,261.23,76.1,446.0,19,1,6,2,CCN1C=C(C(=O)C2=CC3=C(C=C21)OCO3)C(=O)O
196,196,4636,Inactive,0,100.0,260.37,44.6,345.0,19,2,2,3,CC1=CC(=C(C(=C1CC2=NCCN2)C)O)C(C)(C)C
197,197,4626,Inactive,0,100.0,158.16,83.6,192.0,11,2,3,2,C1C(CN(C1=O)CC(=O)N)O
198,198,4615,Inactive,0,100.0,426.6,38.8,575.0,32,1,3,7,C1CN(CCN1CCCN2C3=CC=CC=C3NC2=O)C(C4=CC=CC=C4)C5=CC=CC=C5
199,199,4847,Inactive,0,100.0,393.5,53.0,782.0,29,0,5,5,CC1=C(C(=O)N2C=CC=CC2=N1)CCN3CCC(CC3)C(=O)C4=CC=C(C=C4)F
200,200,4828,Inactive,0,100.0,248.32,57.3,248.0,18,3,3,6,CC(C)NCC(COC1=CC=CC2=C1C=CN2)O
201,201,4671,Inactive,0,100.0,299.5,49.3,219.0,21,2,2,16,CCCCCCCCCCCCCCCC(=O)NCCO
202,202,4740,Inactive,0,100.0,278.31,75.5,426.0,20,0,4,5,CC(=O)CCCCN1C(=O)C2=C(N=CN2C)N(C1=O)C
203,203,40632,Inactive,0,100.0,185.22,20.3,285.0,14,0,1,1,CC1=CN(C(=O)C=C1)C2=CC=CC=C2
204,204,6084,Inactive,0,100.0,375.8,49.8,407.0,26,1,5,6,COC1=C(C=C(C=C1)CC2=NC=CC3=CC(=C(C=C32)OC)OC)OC.Cl
205,205,4932,Inactive,0,100.0,341.4,58.6,368.0,25,2,4,11,CCCNCC(COC1=CC=CC=C1C(=O)CCC2=CC=CC=C2)O
206,206,4843,Inactive,0,100.0,142.16,63.4,167.0,10,1,2,2,C1CC(=O)N(C1)CC(=O)N
207,207,4992,Inactive,0,100.0,285.4,28.6,277.0,21,0,4,7,CN(C)CCN(CC1=CC=C(C=C1)OC)C2=CC=CC=N2
208,208,54676228,Inactive,0,100.0,331.3,108.0,611.0,23,2,6,2,CN1C(=C(C2=CC=CC=C2S1(=O)=O)O)C(=O)NC3=CC=CC=N3
209,209,1676,Inactive,0,100.0,194.19,78.1,268.0,14,2,3,2,CCCN1C2=C(C(=O)NC1=O)NC=N2
210,210,4748,Inactive,0,100.0,404.0,55.2,463.0,27,1,5,6,C1CN(CCN1CCCN2C3=CC=CC=C3SC4=C2C=C(C=C4)Cl)CCO
211,211,5917,Inactive,0,100.0,138.17,43.6,116.0,10,0,3,0,C1CCC2=NN=NN2CC1
212,212,5887,Inactive,0,100.0,320.9,31.8,285.0,21,1,3,4,CN(C)CCCN1C2=CC=CC=C2SC3=CC=CC=C31.Cl
213,213,61100,Inactive,0,100.0,234.28,121.0,159.0,15,4,6,3,C1=CC=C(C=C1)CCNN.OS(=O)(=O)O
214,214,1046,Inactive,0,100.0,123.11,68.9,115.0,9,1,3,1,C1=CN=C(C=N1)C(=O)N
215,215,4909,Inactive,0,100.0,218.25,58.2,279.0,16,2,2,2,CCC1(C(=O)NCNC1=O)C2=CC=CC=C2
216,216,4848,Inactive,0,100.0,351.4,68.8,534.0,26,1,5,2,CN1CCN(CC1)CC(=O)N2C3=CC=CC=C3C(=O)NC4=C2N=CC=C4
217,217,24351,Inactive,0,100.0,376.9,48.8,428.0,25,1,4,6,CCC(=O)C1=CC2=C(C=C1)SC3=CC=CC=C3N2CCCN(C)C.Cl
218,218,9373,Inactive,0,100.0,195.69,3.2,159.0,13,1,1,3,CN(CC#C)CC1=CC=CC=C1.Cl
219,219,4781,Inactive,0,100.0,308.4,40.6,389.0,23,0,2,5,CCCCC1C(=O)N(N(C1=O)C2=CC=CC=C2)C3=CC=CC=C3
220,220,6603149,Inactive,0,100.0,299.8,12.0,296.0,21,2,1,4,CNCCCC1C2=CC=CC=C2C=CC3=CC=CC=C13.Cl
221,221,4850,Inactive,0,100.0,298.34,50.7,356.0,22,0,6,3,C1CN(CCN1CC2=CC3=C(C=C2)OCO3)C4=NC=CC=N4
222,222,4913,Inactive,0,100.0,235.33,58.4,221.0,17,2,3,6,CCN(CC)CCNC(=O)C1=CC=C(C=C1)N
223,223,4938,Inactive,0,100.0,306.36,75.5,454.0,22,0,4,7,CCCN1C=NC2=C1C(=O)N(C(=O)N2C)CCCCC(=O)C
224,224,5795,Inactive,0,100.0,272.77,55.6,222.0,18,2,4,7,CCN(CC)CCOC(=O)C1=CC=C(C=C1)N.Cl
225,225,5702242,Inactive,0,100.0,329.35,103.0,344.0,24,3,7,3,C1CN(CCN1)C2=NC3=CC=CC=C3C=C2.C(=C\\C(=O)O)\\C(=O)O
226,226,3001055,Inactive,0,100.0,314.41,112.0,347.0,21,2,7,9,CN/C(=C\\[N+](=O)[O-])/NCCSCC1=CC=C(O1)CN(C)C
227,227,5070,Inactive,0,100.0,234.2,76.4,238.0,15,1,7,1,C1=CC2=C(C=C1OC(F)(F)F)SC(=N2)N
228,228,5073,Inactive,0,100.0,410.5,61.9,731.0,30,0,6,4,CC1=C(C(=O)N2CCCCC2=N1)CCN3CCC(CC3)C4=NOC5=C4C=CC(=C5)F
229,229,68712,Inactive,0,100.0,180.25,33.6,219.0,13,1,2,4,C1CC1C(C2CC2)NC3=NCCO3
230,230,5095,Inactive,0,100.0,260.37,32.299,287.0,19,1,2,7,CCCN(CCC)CCC1=C2CC(=O)NC2=CC=C1
231,231,445154,Inactive,0,100.0,228.24,60.7,246.0,17,3,3,2,C1=CC(=CC=C1/C=C/C2=CC(=CC(=C2)O)O)O
232,232,56959,Inactive,0,100.0,427.5,74.3,531.0,31,2,6,9,CC1=C(C(=CC=C1)C)NC(=O)CN2CCN(CC2)CC(COC3=CC=CC=C3OC)O
233,233,37542,Inactive,0,100.0,244.2,144.0,304.0,17,4,7,3,C1=NC(=NN1[C@H]2[C@@H]([C@@H]([C@H](O2)CO)O)O)C(=O)N
234,234,5268,Inactive,0,100.0,379.5,54.0,557.0,28,1,5,3,C1CN(CCC12C(=O)NCN2C3=CC=CC=C3)CC4COC5=CC=CC=C5O4
235,235,5253,Inactive,0,100.0,272.37,86.8,330.0,18,3,5,6,CC(C)NCC(C1=CC=C(C=C1)NS(=O)(=O)C)O
236,236,5335,Inactive,0,100.0,314.4,98.4,451.0,22,2,5,4,C1=CC=C(C=C1)N2C(=CC=N2)NS(=O)(=O)C3=CC=C(C=C3)N
237,237,131746,Inactive,0,100.0,248.15,42.2,180.0,15,2,3,1,C1CN(CCC1N)C2=NC(=CC=C2)Cl.Cl
238,238,72124,Inactive,0,100.0,284.32,102.0,495.0,21,3,4,4,CC1CC(=O)NN=C1C2=CC=C(C=C2)NC(=NC)NC#N
239,239,5233,Inactive,0,100.0,514.5,152.0,743.0,36,0,12,15,CC(C)COC(=O)OCN1C(=O)CN(CC1=O)CCN2CC(=O)N(C(=O)C2)COC(=O)OCC(C)C
240,240,2083,Inactive,0,100.0,239.31,72.7,227.0,17,4,4,5,CC(C)(C)NCC(C1=CC(=C(C=C1)O)CO)O
241,241,8515,Inactive,0,100.0,220.23,45.8,343.0,17,1,2,0,C1=CC=C2C(=C1)C3=NNC4=CC=CC(=C43)C2=O
242,242,5265,Inactive,0,100.0,395.5,52.6,577.0,29,1,5,6,C1CN(CCC12C(=O)NCN2C3=CC=CC=C3)CCCC(=O)C4=CC=C(C=C4)F
243,243,1548887,Inactive,0,100.0,356.4,73.6,616.0,25,1,5,4,CC\\1=C(C2=C(/C1=C\\C3=CC=C(C=C3)S(=O)C)C=CC(=C2)F)CC(=O)O
244,244,3448,Inactive,0,100.0,140.14,50.4,210.0,10,2,3,0,C1CNCC2=C1C(=O)NO2
245,245,656665,Inactive,0,100.0,284.35,45.3,400.0,21,1,3,3,CN1[C@@H]2CC[C@H]1CC(C2)OC(=O)C3=CNC4=CC=CC=C43
246,246,24871267,Inactive,0,100.0,340.8,69.0,366.0,23,2,5,8,CCCCNC1=C2C=NN(C2=NC(=C1C(=O)OCC)C)CC.Cl
247,247,5387,Inactive,0,100.0,370.5,84.1,552.0,26,1,5,2,CC1=C2C(=CS1)C(=O)NC3=CC=CC=C3N2C(=O)CN4CCN(CC4)C
248,248,5426,Inactive,0,100.0,258.23,83.6,449.0,19,1,4,1,C1CC(=O)NC(=O)C1N2C(=O)C3=CC=CC=C3C2=O
249,249,5702214,Inactive,0,100.0,364.9,84.1,443.0,23,2,5,8,CCN(CC)CCNC(=O)C1=C(C=CC(=C1)S(=O)(=O)C)OC.Cl
250,250,1123,Inactive,0,100.0,125.15,88.8,120.0,7,2,4,2,C(CS(=O)(=O)O)N
251,251,5454,Inactive,0,100.0,443.6,77.5,711.0,30,0,6,5,CN1CCN(CC1)CCC=C2C3=CC=CC=C3SC4=C2C=C(C=C4)S(=O)(=O)N(C)C
252,252,3117,Inactive,0,100.0,296.5,121.0,201.0,16,0,4,7,CCN(CC)C(=S)SSC(=S)N(CC)CC
253,253,5610,Inactive,0,100.0,137.18,46.2,87.3,10,2,2,2,C1=CC(=CC=C1CCN)O
254,254,5429,Inactive,0,100.0,180.16,67.2,267.0,13,1,3,0,CN1C=NC2=C1C(=O)NC(=O)N2C
255,255,864,Inactive,0,100.0,206.3,87.9,150.0,12,1,4,5,C1CSSC1CCCCC(=O)O
256,256,62935,Inactive,0,100.0,408.3,42.4,611.0,27,1,4,5,C1CN(CCN1CCCN2C(=O)N3C=CC=CC3=N2)C4=CC(=CC=C4)Cl.Cl
257,257,2052,Inactive,0,100.0,186.17,88.0,313.0,14,2,4,1,C1=CC(=C(C=C1C=C(C#N)C#N)O)O
258,258,2061,Inactive,0,100.0,202.17,108.0,329.0,15,3,5,1,C1=C(C=C(C(=C1O)O)O)C=C(C#N)C#N
259,259,1359,Inactive,0,100.0,212.17,17.8,217.0,15,0,4,1,C1=CC=C(C(=C1)C(F)(F)F)N2C=CN=C2
260,260,8695,Inactive,0,100.0,300.82,41.6,249.0,20,2,4,9,CCCCNC1=CC=C(C=C1)C(=O)OCCN(C)C.Cl
261,261,5578,Inactive,0,100.0,290.32,106.0,307.0,21,2,7,5,COC1=CC(=CC(=C1OC)OC)CC2=CN=C(N=C2N)N
262,262,54840,Inactive,0,100.0,291.8,21.3,237.0,20,2,2,6,CC1=CC=CC=C1O[C@H](CCNC)C2=CC=CC=C2.Cl
263,263,671690,Inactive,0,100.0,314.2,29.5,355.0,20,0,3,3,CN1[C@@H]2CC[C@H]1CC(C2)OC(=O)C3=CC(=CC(=C3)Cl)Cl
264,264,5452,Inactive,0,100.0,370.6,57.1,432.0,25,0,4,4,CN1CCCCC1CCN2C3=CC=CC=C3SC4=C2C=C(C=C4)SC
265,265,5405,Inactive,0,100.0,471.7,43.7,582.0,35,2,3,9,CC(C)(C)C1=CC=C(C=C1)C(CCCN2CCC(CC2)C(C3=CC=CC=C3)(C4=CC=CC=C4)O)O
266,266,5593,Inactive,0,100.0,284.35,53.4,310.0,21,1,3,6,CCN(CC1=CC=NC=C1)C(=O)C(CO)C2=CC=CC=C2
267,267,5639,Inactive,0,100.0,387.5,68.4,588.0,28,1,6,7,CN1C(=CC(=O)N(C1=O)C)NCCCN2CCN(CC2)C3=CC=CC=C3OC
268,268,2435,Inactive,0,100.0,292.13,62.2,308.0,17,2,3,2,C1CN=C(N1)NC2=C(C3=NC=CN=C3C=C2)Br
269,269,2520,Inactive,0,100.0,454.6,64.0,606.0,33,0,6,13,CC(C)C(CCCN(C)CCC1=CC(=C(C=C1)OC)OC)(C#N)C2=CC(=C(C=C2)OC)OC
270,270,5665,Inactive,0,100.0,129.16,63.3,112.0,9,2,3,4,C=CC(CCC(=O)O)N
271,271,2998,Inactive,0,100.0,293.4,58.6,283.0,21,2,3,10,CCCCCCCCC(=O)NCC1=CC(=C(C=C1)O)OC
272,272,5707,Inactive,0,100.0,220.34,49.7,230.0,15,1,2,2,CC1=C(C(=CC=C1)C)NC2=NCCCS2
273,273,155774,Inactive,0,100.0,339.39,103.0,358.0,24,4,6,8,C1COCCN1C(=O)NCCNCC(COC2=CC=C(C=C2)O)O
274,274,5282386,Inactive,0,100.0,280.83,24.4,302.0,19,2,1,3,CC1=CC(=CC(=C1CC2=NCCN2)C)C(C)(C)C.Cl
275,275,5723,Inactive,0,100.0,268.22,59.9,398.0,19,1,6,4,COC1=C(C=CC(=C1)C2=NNC(=O)C=C2)OC(F)F
276,276,6100,Inactive,0,100.0,414.4,65.6,349.0,24,0,3,3,CC[N+](C)(C)CC1=CC=CC=C1Br.CC1=CC=C(C=C1)S(=O)(=O)[O-]
277,277,31195,Inactive,0,100.0,288.85,121.0,206.0,13,2,6,2,C(P(=O)(O)[O-])(P(=O)(O)[O-])(Cl)Cl.[Na+].[Na+]
278,278,23663954,Inactive,0,100.0,275.23,66.2,339.0,20,0,4,3,C1=CC(=CN=C1)CC2=CC3=C(C=C2)OC(=C3)C(=O)[O-].[Na+]
279,279,71399,Inactive,0,100.0,445.9,103.0,542.0,31,2,7,4,CN1CCN(CC1)C2=NC3=CC=CC=C3OC4=C2C=C(C=C4)Cl.C(CC(=O)O)C(=O)O
280,280,23681233,Inactive,0,100.0,481.4,89.5,544.0,31,1,4,14,CCCCCN(CCCCC)C(=O)C(CCC(=O)[O-])NC(=O)C1=CC(=C(C=C1)Cl)Cl.[Na+]
281,281,60196260,Inactive,0,100.0,305.37,118.0,265.0,21,4,7,3,CC1(CCCC(N1C)(C)C)C.[C@H]([C@@H](C(=O)O)O)(C(=O)O)O
282,282,11953895,Inactive,0,100.0,297.95,139.0,119.0,17,2,14,0,[C-]#N.[C-]#N.[C-]#N.[C-]#N.[C-]#N.[N-]=O.O.O.[Na+].[Na+].[Fe+4]
283,283,54670067,Inactive,0,100.0,176.12,107.0,232.0,12,4,6,2,C([C@@H]([C@@H]1C(=C(C(=O)O1)O)O)O)O
284,284,135445761,Inactive,0,100.0,172.61,36.5,125.0,11,1,3,1,C[N+]1=CC=CC=C1/C=N/O.[Cl-]
285,285,5284486,Active,53,0.05525119999999999,284.4,20.2,523.0,21,1,1,1,C[C@]12CC[C@H]3[C@H]([C@@H]1CC[C@@]2(C#C)O)CCC4=CCCC[C@H]34
286,286,5883,Inactive,0,100.0,420.3,35.5,426.0,26,0,4,7,CC[N+](C)(CC)CCOC(=O)C1C2=CC=CC=C2OC3=CC=CC=C13.[Br-]
287,287,5892,Inactive,0,100.0,663.4,321.0,1120.0,44,7,18,11,C1=CC(=C[N+](=C1)[C@H]2[C@@H]([C@@H]([C@H](O2)COP(=O)([O-])OP(=O)(O)OC[C@@H]3[C@H]([C@H]([C@@H](O3)N4C=NC5=C(N=CN=C54)N)O)O)O)O)C(=O)N
288,288,3440,Inactive,0,100.0,330.74,131.0,481.0,21,3,7,5,C1=COC(=C1)CNC2=CC(=C(C=C2C(=O)O)S(=O)(=O)N)Cl
289,289,4174,Inactive,0,100.0,226.27,42.8,275.0,17,0,3,3,CC(C)(C1=CN=CC=C1)C(=O)C2=CN=CC=C2
290,290,5905,Inactive,0,100.0,354.1,99.1,386.0,17,3,5,2,C1[C@@H]([C@H](O[C@H]1N2C=C(C(=O)NC2=O)I)CO)O
291,291,45105092,Inactive,0,100.0,716.6,59.1,686.0,42,0,6,17,CN(CCCCCCCCCCN(C)C(=O)OC1=CC=CC=C1[N+](C)(C)C)C(=O)OC2=CC=CC=C2[N+](C)(C)C.[Br-].[Br-]
292,292,4911,Inactive,0,100.0,285.36,83.1,374.0,19,1,5,7,CCCN(CCC)S(=O)(=O)C1=CC=C(C=C1)C(=O)O
293,293,5324,Inactive,0,100.0,214.25,133.0,307.0,14,3,4,2,C1=CC(=CC=C1N)S(=O)(=O)N=C(N)N
294,294,5995,Active,87,0.00422353,344.5,43.4,621.0,25,0,3,3,CCC(=O)O[C@H]1CC[C@@H]2[C@@]1(CC[C@H]3[C@H]2CCC4=CC(=O)CC[C@]34C)C
295,295,5342,Inactive,0,100.0,404.5,76.9,571.0,29,0,4,6,C1=CC=C(C=C1)N2C(=O)C(C(=O)N2C3=CC=CC=C3)CCS(=O)C4=CC=CC=C4
296,296,4993,Active,46,5.35378,248.71,77.8,243.0,17,2,4,2,CCC1=C(C(=NC(=N1)N)N)C2=CC=C(C=C2)Cl
297,297,6009,Inactive,0,100.0,231.29,26.8,343.0,17,0,3,2,CC1=C(C(=O)N(N1C)C2=CC=CC=C2)N(C)C
298,298,4055,Inactive,0,100.0,172.18,34.1,289.0,13,0,2,0,CC1=CC(=O)C2=CC=CC=C2C1=O
299,299,3759,Inactive,0,100.0,231.25,67.2,254.0,17,2,4,4,CC1=CC(=NO1)C(=O)NNCC2=CC=CC=C2
300,300,938,Inactive,0,100.0,123.11,50.2,114.0,9,1,3,1,C1=CC(=CN=C1)C(=O)O
301,301,6047,Active,51,2.78822,197.19,104.0,209.0,14,4,5,3,C1=CC(=C(C=C1C[C@@H](C(=O)O)N)O)O
302,302,6048,Inactive,0,100.0,196.67,24.4,169.0,13,2,1,2,C1CN=C(N1)CC2=CC=CC=C2.Cl
303,303,60196261,Inactive,0,100.0,394.5,234.0,248.0,24,6,10,3,C1CCCN(CCC1)CCN=C(N)N.OS(=O)(=O)O.OS(=O)(=O)O
304,304,1349907,Inactive,0,100.0,114.17,47.4,119.0,7,1,1,0,CN1C=CNC1=S
305,305,2206,Inactive,0,100.0,188.23,23.6,267.0,14,0,2,1,CC1=CC(=O)N(N1C)C2=CC=CC=C2
306,306,6093,Inactive,0,100.0,214.2,119.0,268.0,14,1,5,1,C1CN(C(=O)N1)C2=NC=C(S2)[N+](=O)[O-]
317,317,6166,Active,71,0.0875673,330.5,54.4,606.0,24,1,3,2,C[C@]12CC[C@H]3[C@H]([C@@H]1CC[C@@H]2C(=O)CO)CCC4=CC(=O)CC[C@]34C
319,319,6231,Active,60,0.0036225000000000003,298.4,37.3,606.0,22,1,2,1,C[C@]12CC[C@H]3[C@H]([C@@H]1CC[C@]2(C#C)O)CCC4=C3CCC(=O)C4
336,336,6741,Active,58,0.0194938,374.5,94.8,754.0,27,3,5,2,C[C@H]1C[C@H]2[C@@H]3CC[C@@]([C@]3(C[C@@H]([C@@H]2[C@@]4(C1=CC(=O)C=C4)C)O)C)(C(=O)CO)O
367,367,5344,Active,47,19.7391,267.31,107.0,374.0,18,2,6,3,CC1=C(ON=C1C)NS(=O)(=O)C2=CC=C(C=C2)N
386,386,9051,Active,54,0.43887600000000004,312.4,34.1,628.0,23,0,2,1,CC(=O)[C@H]1CC[C@@H]2[C@@]1(CC[C@@H]3[C@H]2C=CC4=CC(=O)CC[C@@]34C)C
393,393,224246,Active,67,0.0149856,420.5,101.0,879.0,30,2,7,4,CC(=O)OCC(=O)[C@]1(CC[C@@H]2[C@@]1(C[C@@H]([C@]3([C@H]2CCC4=CC(=O)C=C[C@@]43C)F)O)C)O
396,396,9878,Active,70,0.001,376.5,74.6,787.0,27,2,5,1,C[C@H]1C[C@H]2[C@@H]3CC[C@@]([C@]3(C[C@@H]([C@@]2([C@@]4(C1=CC(=O)C=C4)C)F)O)C)(C(=O)C)O
449,449,236702,Active,52,1.55719,434.5,101.0,910.0,31,2,7,4,C[C@@H]1C[C@H]2[C@@H]3CCC4=CC(=O)C=C[C@@]4([C@]3([C@H](C[C@@]2([C@]1(C(=O)COC(=O)C)O)C)O)F)C
467,467,16490,Active,62,0.0391149,410.5,94.8,839.0,29,3,7,2,C[C@@H]1C[C@H]2[C@@H]3C[C@@H](C4=CC(=O)C=C[C@@]4([C@]3([C@H](C[C@@]2([C@]1(C(=O)CO)O)C)O)F)C)F
469,469,443935,Active,61,0.00256454,306.5,45.5,465.0,21,1,2,0,C[C@]12CC[C@H]3[C@H]([C@@H]1CC[C@@H]2O)CC[C@@H]4[C@@]3(C[C@@H]5[C@H](C4)S5)C
475,475,247839,Active,71,0.00842704,344.5,54.4,650.0,25,1,3,1,C[C@H]1C[C@H]2[C@@H]3CC[C@@H]([C@]3(C[C@@H]([C@@H]2[C@@]4(C1=CC(=O)CC4)C)O)C)C(=O)C
479,479,3634,Active,47,13.4481,356.5,77.9,443.0,25,2,5,7,CCN(CC)CCNC1=C2C(=C(C=C1)CO)SC3=CC=CC=C3C2=O
534,534,6473881,Active,48,12.6958,248.32,38.8,437.0,18,0,3,0,C/C/1=C\\CC[C@@]2([C@@H](O2)[C@@H]3[C@@H](CC1)C(=C)C(=O)O3)C
550,550,108013,Active,51,7.5624199999999995,414.56,58.3,259.0,19,4,3,3,C1CC(CCC1NCC2=C(C(=CC(=C2)Br)Br)N)O.Cl
570,570,5282493,Active,60,0.15089,495.0,80.7,982.0,34,1,6,5,C[C@@H]1C[C@H]2[C@@H]3C[C@@H](C4=CC(=O)C=C[C@@]4([C@]3([C@H](C[C@@]2([C@H]1C(=O)COC(=O)C(C)(C)C)C)O)Cl)C)F
585,585,3334,Active,50,0.287746,299.3,92.3,363.0,21,2,4,4,COC(=O)NC1=NC2=C(N1)C=C(C=C2)SC3=CC=CC=C3
620,620,6714002,Active,51,0.09099310000000001,488.6,116.0,982.0,35,1,8,9,CCC(=O)OCC(=O)[C@]1(CC[C@@H]2[C@@]1(C[C@@H]([C@H]3[C@H]2CCC4=CC(=O)C=C[C@]34C)O)C)OC(=O)OCC
656,656,636374,Active,55,0.188658,521.0,107.0,1030.0,36,1,7,8,CCC(=O)OCC(=O)[C@]1([C@@H](C[C@@H]2[C@@]1(C[C@@H]([C@H]3[C@H]2[C@@H](CC4=CC(=O)C=C[C@]34C)Cl)O)C)C)OC(=O)CC
725,725,23671691,Active,56,3.6225,396.6,77.4,713.0,27,1,4,3,C[C@]12CCC(=O)C=C1C=C[C@@H]3[C@@H]2CC[C@]4([C@H]3CC[C@]4(CCC(=O)[O-])O)C.[K+]
769,769,5282494,Active,58,0.0952052,446.6,101.0,832.0,32,2,6,7,CCCCC(=O)O[C@@]1(CC[C@@H]2[C@@]1(C[C@@H]([C@H]3[C@H]2CCC4=CC(=O)CC[C@]34C)O)C)C(=O)CO
780,780,440707,Active,67,0.00393847,346.5,74.6,652.0,25,2,4,2,C[C@]12CCC(=O)C=C1CC[C@@H]3[C@@H]2CC[C@]4([C@H]3CC[C@@]4(C(=O)CO)O)C
781,781,222757,Active,54,4.25266,376.5,46.5,582.0,28,1,3,3,C[C@]12CC[C@H]3[C@H]([C@@H]1CC[C@@H]2O)CCC4=C3C=CC(=C4)OC(=O)C5=CC=CC=C5
786,786,71414,Active,61,0.0145209,494.5,107.0,1050.0,35,1,9,6,C[C@H]1C[C@H]2[C@@H]3C[C@@H](C4=CC(=O)C=C[C@@]4([C@]3([C@H](C[C@@]2([C@]1(C(=O)COC(=O)C)OC(=O)C)C)O)F)C)F
787,787,5952,Active,74,0.0301065,372.5,60.4,707.0,27,0,4,4,CC(=O)OCC(=O)[C@H]1CC[C@@H]2[C@@]1(CC[C@H]3[C@H]2CCC4=CC(=O)CC[C@]34C)C
790,790,5753,Active,61,0.291709,346.5,74.6,638.0,25,2,4,2,C[C@]12CCC(=O)C=C1CC[C@@H]3[C@@H]2[C@H](C[C@]4([C@H]3CC[C@@H]4C(=O)CO)C)O
792,792,9324,Active,48,1.27575,404.9,60.4,827.0,28,0,4,3,CC(=O)[C@]1(CC[C@@H]2[C@@]1(CC[C@H]3[C@H]2C=C(C4=CC(=O)CC[C@]34C)Cl)C)OC(=O)C
794,794,5754,Active,62,0.010264200000000001,362.5,94.8,684.0,26,3,5,2,C[C@]12CCC(=O)C=C1CC[C@@H]3[C@@H]2[C@H](C[C@]4([C@H]3CC[C@@]4(C(=O)CO)O)C)O
799,799,5311067,Active,55,3.01065,376.5,74.6,757.0,27,2,5,2,C[C@@H]1C[C@H]2[C@@H]3CCC4=CC(=O)C=C[C@@]4([C@]3([C@H](C[C@@]2([C@H]1C(=O)CO)C)O)F)C
801,801,6128,Active,65,0.172013,286.4,34.1,546.0,21,0,2,0,C[C@]12CCC(=O)C=C1CC[C@@H]3[C@@H]2CC[C@]4([C@H]3CCC4=O)C
803,803,30323,Active,59,0.952052,527.5,186.0,960.0,38,5,11,4,C[C@H]1[C@H]([C@H](C[C@@H](O1)O[C@H]2C[C@@](CC3=C2C(=C4C(=C3O)C(=O)C5=C(C4=O)C(=CC=C5)OC)O)(C(=O)C)O)N)O
880,880,62960,Active,49,20.5113,512.5,163.0,863.0,35,3,13,3,CS(=O)(=O)O.C1[C@@H]2[C@@H](C2N)CN1C3=C(C=C4C(=O)C(=CN(C4=N3)C5=C(C=C(C=C5)F)F)C(=O)O)F
909,909,5865,Active,58,0.13280999999999998,358.4,91.7,764.0,26,2,5,2,C[C@]12CC(=O)[C@H]3[C@H]([C@@H]1CC[C@@]2(C(=O)CO)O)CCC4=CC(=O)C=C[C@]34C
919,919,2724385,Active,49,0.1028,780.9,203.0,1450.0,55,6,14,7,C[C@@H]1[C@H]([C@H](C[C@@H](O1)O[C@@H]2[C@H](O[C@H](C[C@@H]2O)O[C@@H]3[C@H](O[C@H](C[C@@H]3O)O[C@H]4CC[C@]5([C@@H](C4)CC[C@@H]6[C@@H]5C[C@H]([C@]7([C@@]6(CC[C@@H]7C8=CC(=O)OC8)O)C)O)C)C)C)O)O
947,947,10635,Active,69,0.00329688,290.4,37.3,459.0,21,1,2,0,C[C@]12CCC(=O)C[C@@H]1CC[C@@H]3[C@@H]2CC[C@]4([C@H]3CC[C@@H]4O)C
949,949,10204,Active,89,0.00189959,288.4,37.3,508.0,21,1,2,0,C[C@]12CC[C@H]3[C@H]([C@@H]1CC[C@H]2O)CCC4=CC(=O)CC[C@]34C
959,959,16682730,Active,54,6.36298,336.74,26.3,130.0,11,0,2,3,CC(=O)O[Hg]C1=CC=CC=C1
977,977,667493,Active,50,3.79019,142.18,73.2,197.0,9,2,2,0,CC1=CC(=O)NC(=S)N1
1011,1011,14710,Active,52,2.17761,394.3,55.9,419.0,25,2,3,2,CC[N+]1=C2C=C(C=CC2=C3C=CC(=CC3=C1C4=CC=CC=C4)N)N.[Br-]
1018,1018,5281034,Active,58,0.0814027,332.5,57.5,596.0,24,2,3,0,C[C@]12CC[C@H]3[C@H]([C@@H]1CC[C@]2(C)O)CC[C@@H]4[C@@]3(C/C(=C/O)/C(=O)C4)C
1029,1029,637511,Active,47,18.9959,132.16,17.1,121.0,10,0,1,2,C1=CC=C(C=C1)/C=C/C=O
1032,1032,5757,Active,54,1.7373900000000002,272.4,40.5,382.0,20,2,2,0,C[C@]12CC[C@H]3[C@H]([C@@H]1CC[C@@H]2O)CCC4=C3C=CC(=C4)O
1034,1034,5284416,Active,50,2.68325,271.5,0.0,0.0,3,0,2,0,[Cl-].[Cl-].[Hg+2]
1108,1108,6238,Active,72,0.00128805,330.5,54.4,635.0,24,1,3,1,CC(=O)[C@]1(CC[C@@H]2[C@@]1(CC[C@H]3[C@H]2CCC4=CC(=O)CC[C@]34C)C)O
1110,1110,636362,Active,62,0.848517,534.0,177.0,912.0,37,6,10,3,C[C@H]1[C@H]([C@H](C[C@@H](O1)O[C@H]2C[C@@](CC3=C2C(=C4C(=C3O)C(=O)C5=CC=CC=C5C4=O)O)(C(=O)C)O)N)O.Cl
1148,1148,73093,Active,48,23.9145,369.3,97.6,414.0,22,3,5,9,CC1=CC=C(C=C1)S(=O)(=O)N[C@@H](CCCCN)C(=O)CCl.Cl
1179,1179,13791,Active,52,4.09255,356.5,46.5,518.0,26,1,3,5,CCCCC(=O)O[C@H]1CC[C@@H]2[C@@]1(CC[C@H]3[C@H]2CCC4=C3C=CC(=C4)O)C
1185,1185,6279,Active,56,0.258222,386.5,60.4,767.0,28,0,4,3,C[C@H]1C[C@@H]2[C@H](CC[C@]3([C@H]2CC[C@@]3(C(=O)C)OC(=O)C)C)[C@@]4(C1=CC(=O)CC4)C
1188,1188,6230,Active,58,0.00223835,298.4,37.3,594.0,22,1,2,1,C[C@]12CC[C@H]3[C@H]([C@@H]1CC[C@]2(C#C)O)CCC4=CC(=O)CC[C@H]34
1193,1193,5755,Active,60,0.029736000000000002,360.4,94.8,724.0,26,3,5,2,C[C@]12C[C@@H]([C@H]3[C@H]([C@@H]1CC[C@@]2(C(=O)CO)O)CCC4=CC(=O)C=C[C@]34C)O
1194,1194,5834,Active,58,0.197391,402.5,101.0,827.0,29,2,6,4,CC(=O)OCC(=O)[C@]1(CC[C@@H]2[C@@]1(C[C@@H]([C@H]3[C@H]2CCC4=CC(=O)C=C[C@]34C)O)C)O
1197,1197,16684434,Active,48,1.54845,404.82,65.4,180.0,14,0,3,3,CC[Hg]SC1=CC=CC=C1C(=O)[O-].[Na+]
1198,1198,31307,Active,46,12.4545,394.4,115.0,807.0,28,4,7,2,C[C@]12C[C@@H]([C@]3([C@H]([C@@H]1C[C@H]([C@@]2(C(=O)CO)O)O)CCC4=CC(=O)C=C[C@@]43C)F)O
1221,1221,9818306,Active,53,2.68325,314.4,46.5,476.0,23,1,3,2,CC(=O)OC1=CC2=C(C=C1)[C@H]3CC[C@]4([C@H]([C@@H]3CC2)CC[C@@H]4O)C
1252,1252,5284557,Active,62,0.528725,312.4,37.3,638.0,23,1,2,1,C[C@]12CCC(=O)C=C1CC[C@@H]3[C@@H]2CC[C@]4([C@H]3CC[C@]4(C#C)O)C
1254,1254,26133,Active,59,0.0495824,432.5,101.0,817.0,31,2,6,6,CCCC(=O)O[C@@]1(CC[C@@H]2[C@@]1(C[C@@H]([C@H]3[C@H]2CCC4=CC(=O)CC[C@]34C)O)C)C(=O)CO
1270,1270,32798,Active,47,5.05429,467.0,80.7,929.0,32,1,6,5,CCC(=O)O[C@@]1([C@H](C[C@@H]2[C@@]1(C[C@@H]([C@]3([C@H]2CCC4=CC(=O)C=C[C@@]43C)F)O)C)C)C(=O)CCl
1292,1292,5362123,Active,48,22.1476,460.9,95.9,619.0,32,3,6,10,CCOC(=O)[C@H](CCC1=CC=CC=C1)N[C@H]2CCC3=CC=CC=C3N(C2=O)CC(=O)O.Cl
1301,1301,13789,Active,59,0.7003689999999999,340.5,43.4,719.0,25,0,3,0,C[C@]12CCC(=O)C=C1C=C[C@@H]3[C@@H]2CC[C@]4([C@H]3CC[C@@]45CCC(=O)O5)C
1338,1338,6975516,Active,46,21.3138,396.5,60.9,585.0,29,0,6,8,CCOC(=O)O[C@@H]([C@@H]1C[C@@H]2CCN1C[C@@H]2C=C)C3=C4C=C(C=CC4=NC=C3)OC
1343,1343,60198,Active,68,0.600704,296.4,34.1,653.0,22,0,2,0,C[C@]12CC[C@H]3[C@H]([C@@H]1CCC2=O)CC(=C)C4=CC(=O)C=C[C@]34C
1378,1378,222786,Active,56,0.0337801,360.4,91.7,724.0,26,2,5,2,C[C@]12CCC(=O)C=C1CC[C@@H]3[C@@H]2C(=O)C[C@]4([C@H]3CC[C@@]4(C(=O)CO)O)C
1401,1401,63047,Active,61,0.0182807,476.6,101.0,957.0,34,2,7,7,CCCCC(=O)O[C@@]1([C@@H](C[C@@H]2[C@@]1(C[C@@H]([C@]3([C@H]2CCC4=CC(=O)C=C[C@@]43C)F)O)C)C)C(=O)CO
1423,1423,443831,Active,61,2.01215,513.5,197.0,944.0,37,6,11,3,C[C@H]1[C@H]([C@H](C[C@@H](O1)O[C@H]2C[C@@](CC3=C2C(=C4C(=C3O)C(=O)C5=C(C4=O)C(=CC=C5)O)O)(C(=O)C)O)N)O
1425,1425,13109,Active,58,0.001,312.4,37.3,609.0,23,1,2,2,CC[C@]12CC[C@H]3[C@H]([C@@H]1CC[C@]2(C#C)O)CCC4=CC(=O)CC[C@H]34
1431,1431,11876263,Active,62,0.162927,414.6,60.4,787.0,30,0,4,5,C[C@]12CC[C@H]3[C@H]([C@@H]1CC[C@@H]2C(=O)COC(=O)C(C)(C)C)CCC4=CC(=O)CC[C@]34C
1464,1464,23706212,Active,46,18.2807,346.4,66.4,508.0,24,0,4,4,CC(=O)CC(C1=CC=CC=C1)C2=C(C3=CC=CC=C3OC2=O)[O-].[K+]
1465,1465,9677,Active,71,0.00700369,428.6,43.4,680.0,31,0,3,10,CCCCCCCCCC(=O)O[C@H]1CC[C@@H]2[C@@]1(CC[C@H]3[C@H]2CCC4=CC(=O)CC[C@H]34)C
1473,1473,6300,Active,66,0.23914499999999997,300.4,37.3,589.0,22,1,2,0,C[C@]12CC[C@H]3[C@H]([C@@H]1CC[C@]2(C)O)CCC4=CC(=O)C=C[C@]34C
1484,1484,441207,Active,53,0.0247039,764.9,183.0,1410.0,54,5,13,7,C[C@@H]1[C@H]([C@H](C[C@@H](O1)O[C@@H]2[C@H](O[C@H](C[C@@H]2O)O[C@@H]3[C@H](O[C@H](C[C@@H]3O)O[C@H]4CC[C@]5([C@@H](C4)CC[C@@H]6[C@@H]5CC[C@]7([C@@]6(CC[C@@H]7C8=CC(=O)OC8)O)C)C)C)C)O)O
1515,1515,5876,Active,62,0.0230141,378.4,94.8,760.0,27,3,6,2,C[C@]12C[C@@H]([C@H]3[C@H]([C@@H]1CC[C@@]2(C(=O)CO)O)C[C@@H](C4=CC(=O)C=C[C@]34C)F)O
1535,1535,5877,Active,58,0.0278822,416.5,101.0,858.0,30,2,6,4,C[C@H]1C[C@H]2[C@@H]3CC[C@@]([C@]3(C[C@@H]([C@@H]2[C@@]4(C1=CC(=O)C=C4)C)O)C)(C(=O)COC(=O)C)O
1656,1656,68947,Active,78,0.00258222,322.9,37.3,554.0,22,1,2,0,C[C@]12CC[C@H]3[C@H]([C@@H]1CC[C@@H]2O)CCC4=C(C(=O)CC[C@]34C)Cl
1662,1662,155143,Active,71,0.025822199999999997,442.7,43.4,724.0,32,0,3,10,CCCCCCCCCC(=O)O[C@H]1CC[C@@H]2[C@@]1(CC[C@H]3[C@H]2CCC4=CC(=O)CC[C@]34C)C
1665,1665,60605,Active,46,22.1476,395.4,72.9,691.0,28,2,9,3,C[C@@H]1CN(C[C@@H](N1)C)C2=C(C3=C(C(=C2F)F)C(=O)C(=CN3C4CC4)C(=O)O)F
1740,1740,165457,Active,49,22.5767,361.4,133.0,371.0,26,5,8,3,CCOC1=CC2=C(C3=C(C=C(C=C3)N)N=C2C=C1)N.CC(C(=O)O)O.O
1775,1775,46861540,Active,60,11.5344,460.8,78.9,479.0,29,4,8,4,CN1CCC(CC1)NC2=NC=C3C(=N2)C(=NC=N3)NC4=CC(=C(C=C4)F)Cl.Cl.Cl
1776,1776,16683761,Active,52,7.13938,338.52,49.7,106.0,11,2,3,3,B(O)(O)O[Hg]C1=CC=CC=C1
1795,1795,443884,Active,46,20.5113,325.4,68.4,535.0,24,3,3,3,C[C@@H](CO)NC(=O)[C@H]1CN([C@@H]2CC3=CNC4=CC=CC(=C34)C2=C1)C
1813,1813,92786,Active,50,1.34481,318.5,37.3,500.0,23,1,2,1,CC(=O)[C@H]1CC[C@@H]2[C@@]1(CC[C@H]3[C@H]2CC[C@@H]4[C@@]3(CC[C@H](C4)O)C)C
1830,1830,443939,Active,55,0.194664,580.0,206.0,977.0,40,7,12,5,C[C@H]1[C@H]([C@H](C[C@@H](O1)O[C@H]2C[C@@](CC3=C2C(=C4C(=C3O)C(=O)C5=C(C4=O)C(=CC=C5)OC)O)(C(=O)CO)O)N)O.Cl
1869,1869,11273,Active,59,0.41998100000000005,302.4,54.4,590.0,22,1,3,0,C[C@]12CCC(=O)C(=C1CC[C@@H]3[C@@H]2CC[C@]4([C@H]3CCC4=O)C)O
1872,1872,28417,Active,58,0.0160903,337.5,46.3,677.0,25,1,3,1,C[C@]12CC[C@H]3[C@H]([C@@H]1CC[C@]2(C#C)O)CCC4=CC5=C(C[C@]34C)C=NO5
1873,1873,9782,Active,64,0.00227281,392.5,94.8,805.0,28,3,6,2,C[C@H]1C[C@H]2[C@@H]3CCC4=CC(=O)C=C[C@@]4([C@]3([C@H](C[C@@]2([C@]1(C(=O)CO)O)C)O)F)C
1874,1874,20469,Active,63,0.0119856,408.9,94.8,805.0,28,3,5,2,C[C@H]1C[C@H]2[C@@H]3CCC4=CC(=O)C=C[C@@]4([C@]3([C@H](C[C@@]2([C@]1(C(=O)CO)O)C)O)Cl)C
1887,1887,3109,Active,51,2.485,252.3,102.0,199.0,16,0,4,3,C1=CC=[N+](C(=C1)SSC2=CC=CC=[N+]2[O-])[O-]
1907,1907,65784,Active,46,23.0141,173.17,77.8,216.0,12,2,4,1,CC(=O)N1C[C@@H](C[C@H]1C(=O)O)O
1923,1923,11033,Active,49,11.5344,215.23,124.0,301.0,14,3,4,2,C1=CC(=CC=C1N)S(=O)(=O)NC(=O)N
1932,1932,71339,Active,49,7.85827,350.4,128.0,609.0,24,1,6,3,C[C@@H]1[C@@H]2[C@H](C(=O)N2C(=C1SC3CN4C=NC=[N+]4C3)C(=O)[O-])[C@@H](C)O
1955,1955,56649463,Active,50,4.41903,462.9,95.8,889.0,31,4,8,2,C[C@@H]1C[C@H]2[C@@H]3C[C@@H](C4=CC(=O)C(=C[C@@]4([C@]3([C@H](C[C@@]2([C@]1(C(=O)CO)O)C)O)F)C)Cl)F.O
1960,1960,68873,Active,73,0.0301065,366.5,43.4,828.0,27,0,3,0,C[C@]12CCC(=O)C=C1[C@@H]3C[C@@H]3[C@@H]4[C@@H]2CC[C@]5([C@H]4[C@@H]6C[C@@H]6[C@@]57CCC(=O)O7)C
1963,1963,444025,Active,49,0.364749,466.9,99.1,882.0,32,1,7,7,CCOC(=O)O[C@@]1(CC[C@@H]2[C@@]1(C[C@@H]([C@H]3[C@H]2CCC4=CC(=O)C=C[C@]34C)O)C)C(=O)OCCl
1975,1975,3033968,Active,56,0.000648625,310.4,37.3,648.0,23,1,2,2,CC[C@]12CC[C@H]3[C@H]([C@@H]1C=C[C@]2(C#C)O)CCC4=CC(=O)CC[C@H]34
1978,1978,65947,Active,58,1.19856,461.5,125.0,931.0,32,1,11,4,CC1N2C3=CC(=C(C=C3C(=O)C(=C2S1)C(=O)O)F)N4CCN(CC4)CC5=C(OC(=O)O5)C
1991,1991,444008,Active,64,0.00379019,312.4,37.3,636.0,23,1,2,1,C[C@@H]1CC2=C(CCC(=O)C2)[C@@H]3[C@@H]1[C@@H]4CC[C@]([C@]4(CC3)C)(C#C)O
1996,1996,518605,Active,50,5.35378,395.68,55.4,84.8,10,0,6,0,O1[As]2O[As]3O[As]1O[As](O2)O3
1998,1998,454216,Active,49,6.740010000000001,723.6,215.0,1350.0,51,5,16,11,CCCCC(=O)OCC(=O)[C@]1(C[C@@H](C2=C(C1)C(=C3C(=C2O)C(=O)C4=C(C3=O)C=CC=C4OC)O)O[C@H]5C[C@@H]([C@@H]([C@@H](O5)C)O)NC(=O)C(F)(F)F)O
2065,2065,9270,Active,53,0.039384699999999995,384.5,52.6,758.0,28,0,4,5,CC(=O)O[C@H]1CC[C@@H]2[C@H]3CC[C@]4([C@H]([C@@H]3CCC2=C1)CC[C@]4(C#C)OC(=O)C)C
2079,2079,4807,Active,48,2.6499,134.13,34.1,115.0,10,0,2,2,C1=CC=C(C(=C1)C=O)C=O
2116,2116,16682999,Active,48,6.740010000000001,395.1,77.0,222.0,14,3,6,1,C1=C(C=C2C(=C1O)O[Bi]O2)C(=O)O.O
2121,2121,446925,Active,46,19.7391,536.9,0.0,1050.0,40,0,0,16,CC(=CCC/C(=C/C=C/C(=C/C=C/C(=C/C=C/C=C(/C=C/C=C(/C=C/C=C(/CCC=C(C)C)\\C)\\C)\\C)/C)/C)/C)C
2123,2123,157355,Active,47,8.01052,344.31,201.0,343.0,23,9,11,8,C([C@@H]1[C@@H]([C@@H]([C@H]([C@@H](O1)O[C@H]([C@@H](CO)O)[C@@H]([C@H](CO)O)O)O)O)O)O
2161,2161,441351,Active,51,8.81713,609.7,59.0,898.0,39,1,6,6,CC(=O)O[C@H]1[C@H](C[C@@H]2[C@@]1(CC[C@H]3[C@H]2CC[C@@H]4[C@@]3(C[C@@H]([C@H](C4)O)N5CCOCC5)C)C)[N+]6(CCCC6)CC=C.[Br-]
2166,2166,66359,Active,71,0.00301065,312.4,43.4,666.0,23,0,3,2,CC(=O)O[C@H]1CC[C@@H]2[C@@]1(C=CC3=C4CCC(=O)C=C4CC[C@@H]23)C
2168,2168,5362376,Active,47,23.9145,445.0,108.0,539.0,29,3,7,11,CCOC1=CC=CC=C1OCCN[C@H](C)CC2=CC(=C(C=C2)OC)S(=O)(=O)N.Cl
2174,2174,40973,Active,48,0.23914499999999997,310.5,20.2,605.0,23,1,1,2,CC[C@]12CC(=C)[C@H]3[C@H]([C@@H]1CC[C@]2(C#C)O)CCC4=CCCC[C@H]34
2175,2175,656583,Active,49,0.15089,329.4,76.8,692.0,24,2,4,0,C[C@]12CC[C@H]3[C@H]([C@@H]1CC[C@@H]2O)CC[C@]45[C@@]3(CC(=C([C@H]4O5)O)C#N)C
2176,2176,6918178,Active,52,0.952052,485.0,80.7,964.0,33,1,7,5,CCC(=O)O[C@@]1([C@H](C[C@@H]2[C@@]1(C[C@@H]([C@]3([C@H]2C[C@@H](C4=CC(=O)C=C[C@@]43C)F)F)O)C)C)C(=O)CCl
2181,2181,27812,Active,59,0.00268325,308.4,37.3,713.0,23,1,2,2,CC[C@]12C=CC3=C4CCC(=O)C=C4CC[C@H]3[C@@H]1CC[C@]2(C#C)O
2187,2187,441406,Active,65,0.0325083,486.4,147.0,836.0,32,2,8,3,C[C@]12CCC(=O)C=C1CC[C@@H]3[C@@H]2[C@H](C[C@]4([C@H]3CC[C@@]4(C(=O)COP(=O)([O-])[O-])O)C)O.[Na+].[Na+]
2199,2199,5282164,Active,67,5.15221,602.9,55.8,1150.0,44,1,4,9,C[C@H](CCC=C(C)C)[C@H]1CC[C@@]2([C@@]1(CC[C@]34[C@H]2CC[C@@H]5[C@]3(C4)CC[C@@H](C5(C)C)OC(=O)/C=C/C6=CC(=C(C=C6)O)OC)C)C
2202,2202,153751,Active,53,0.134481,848.3,217.0,1530.0,59,5,16,10,CC[C@]1(C[C@@H](C2=C(C3=C(C=C2[C@H]1C(=O)OC)C(=O)C4=C(C3=O)C(=CC=C4)O)O)O[C@H]5C[C@@H]([C@@H]([C@@H](O5)C)O[C@H]6C[C@@H]([C@@H]([C@@H](O6)C)O[C@H]7CCC(=O)[C@@H](O7)C)O)N(C)C)O.Cl
2210,2210,10634,Active,49,9.89298,290.4,40.5,470.0,21,2,2,0,C[C@]12CC[C@H]3[C@H]([C@@H]1CC[C@@H]2O)CC=C4[C@@]3(CC[C@@H](C4)O)C
2218,2218,168088,Active,59,1.19856,448.4,46.5,442.0,28,1,4,8,CC[N+]1(CCCCC1)CCOC(=O)C(C2=CC=CC=C2)(C3=CC=CC=C3)O.[Br-]
2221,2221,13765,Active,47,2.05113,288.5,20.2,453.0,21,1,1,1,CC[C@@]1(CC[C@@H]2[C@@]1(CC[C@H]3[C@H]2CCC4=CCCC[C@H]34)C)O
2241,2241,93858,Active,47,24.85,576.5,163.0,915.0,40,3,13,4,CC1=CC=C(C=C1)S(=O)(=O)O.C1CN(CC1N)C2=C(C=C3C(=O)C(=CN(C3=N2)C4=C(C=C(C=C4)F)F)C(=O)O)F
2268,2268,23672582,Active,50,3.79019,598.6,167.0,1290.0,41,2,10,6,C[C@@H]1C[C@H]2[C@@H]3CCC4=CC(=O)C=C[C@@]4([C@]3([C@H](C[C@@]2([C@]1(C(=O)COC(=O)C5=CC(=CC=C5)S(=O)(=O)[O-])O)C)O)F)C.[Na+]
2271,2271,23663985,Active,54,5.35378,528.5,154.0,738.0,35,6,12,9,CC(C)(C)C(=O)OC1=CC=C(C=C1)S(=O)(=O)NC2=CC=CC=C2C(=O)NCC(=O)[O-].O.O.O.O.[Na+]
2296,2296,248271,Active,57,0.0325083,414.6,43.4,709.0,30,0,3,7,CCCCCCC(=O)O[C@H]1CC[C@@H]2[C@@]1(CC[C@H]3[C@H]2CC[C@@H]4[C@@]3(C(=CC(=O)C4)C)C)C
2297,2297,11296583,Active,49,3.3780099999999997,627.6,204.0,1120.0,45,5,13,7,C[C@H]1[C@H]([C@H](C[C@@H](O1)O[C@H]2C[C@@](CC3=C2C(=C4C(=C3O)C(=O)C5=C(C4=O)C(=CC=C5)OC)O)(C(=O)CO)O)N)O[C@@H]6CCCCO6
2305,2305,3345,Active,48,22.1476,336.5,23.6,391.0,25,0,2,6,CCC(=O)N(C1CCN(CC1)CCC2=CC=CC=C2)C3=CC=CC=C3
2320,2320,443936,Active,60,0.0351016,508.5,107.0,1050.0,36,1,9,8,CCCC(=O)O[C@@]1(CC[C@@H]2[C@@]1(C[C@@H]([C@]3([C@H]2C[C@@H](C4=CC(=O)C=C[C@@]43C)F)F)O)C)C(=O)COC(=O)C
2327,2327,6917715,Active,58,0.0072777,324.5,37.3,677.0,24,1,2,2,CC[C@]12CC(=C)[C@H]3[C@H]([C@@H]1CC[C@]2(C#C)O)CCC4=CC(=O)CC[C@H]34
2334,2334,9568628,Active,59,0.425266,327.5,52.8,642.0,24,2,3,2,CC[C@]12CC[C@H]3[C@H]([C@@H]1CC[C@]2(C#C)O)CCC4=C/C(=N/O)/CC[C@H]34
2350,2350,111332,Active,58,0.15089,386.5,80.7,808.0,28,1,5,4,CC(=O)OCC(=O)[C@]1(CC[C@@H]2[C@@]1(CC=C3[C@H]2CCC4=CC(=O)CC[C@@]43C)C)O
2351,2351,231084,Active,78,0.010682200000000001,386.6,43.4,677.0,28,0,3,5,CC(C)CCC(=O)O[C@H]1CC[C@@H]2[C@@]1(CC[C@H]3[C@H]2CCC4=CC(=O)CC[C@]34C)C
2369,2369,71386,Active,49,2.05113,479.0,77.5,987.0,33,0,6,6,CCCC(=O)O[C@@]1([C@H](C[C@@H]2[C@@]1(CC(=O)[C@]3([C@H]2CCC4=CC(=O)C=C[C@@]43C)F)C)C)C(=O)CCl
2377,2377,31378,Active,69,0.016292700000000004,380.4,94.8,734.0,27,3,6,2,C[C@]12CCC(=O)C=C1CC[C@@H]3[C@@]2([C@H](C[C@]4([C@H]3CC[C@@]4(C(=O)CO)O)C)O)F
2418,2418,68952,Active,71,0.016292700000000004,414.6,63.6,733.0,30,1,4,5,C[C@]12CC[C@H]3[C@H]([C@@H]1CC[C@@H]2OC(=O)CCC4CCCC4)CCC5=C(C(=O)CC[C@H]35)O
2419,2419,6999,Active,51,13.4481,329.15,20.2,89.1,9,1,1,0,C1=CC=C(C(=C1)O)[Hg]Cl
2429,2429,14708,Active,63,0.00393847,330.5,59.2,542.0,24,1,4,0,C[C@]12CC[C@H]3[C@H]([C@@H]1CC[C@]2(C)O)CC[C@@H]4[C@@]3(CC5=NON=C5C4)C
2459,2459,6540478,Active,57,0.08485169999999999,369.5,58.9,744.0,27,1,4,4,CC[C@]12CC[C@H]3[C@H]([C@@H]1CC[C@]2(C#C)OC(=O)C)CCC4=C/C(=N/O)/CC[C@H]34
2471,2471,6432394,Active,48,12.9339,489.0,53.3,666.0,35,1,4,9,CCOC(=O)C1(CCN(CC1)CCC(C#N)(C2=CC=CC=C2)C3=CC=CC=C3)C4=CC=CC=C4.Cl
2565,2565,91670,Active,68,0.124545,478.6,80.7,943.0,34,1,7,7,CCCCC(=O)OCC(=O)[C@H]1[C@@H](C[C@@H]2[C@@]1(C[C@@H]([C@]3([C@H]2C[C@@H](C4=CC(=O)C=C[C@@]43C)F)F)O)C)C
2572,2572,636398,Active,64,0.0230141,488.6,107.0,938.0,35,1,7,9,CCCC(=O)O[C@@]1(CC[C@@H]2[C@@]1(C[C@@H]([C@H]3[C@H]2CCC4=CC(=O)CC[C@]34C)O)C)C(=O)COC(=O)CC
2614,2614,5284533,Active,48,4.25266,362.9,54.4,723.0,25,1,3,1,CC(=O)[C@]1(CC[C@@H]2[C@@]1(CC[C@H]3[C@H]2C=C(C4=CC(=O)CC[C@]34C)Cl)C)O
2638,2638,229295,Active,53,0.197391,410.6,43.4,770.0,30,0,3,8,CCCCCCC(=O)O[C@]1(CC[C@@H]2[C@@]1(CC[C@H]3[C@H]2CCC4=CC(=O)CC[C@H]34)C)C#C
2640,2640,71470,Active,62,0.0379019,518.6,107.0,1060.0,37,1,8,9,CCCC(=O)O[C@@]1([C@H](C[C@@H]2[C@@]1(C[C@@H]([C@]3([C@H]2CCC4=CC(=O)C=C[C@@]43C)F)O)C)C)C(=O)COC(=O)CC
2642,2642,21070,Active,52,2.13138,384.6,46.5,546.0,28,1,3,7,CCCCCCC(=O)O[C@H]1CC[C@@H]2[C@@]1(CC[C@H]3[C@H]2CCC4=C3C=CC(=C4)O)C
2655,2655,5833,Active,61,0.018404499999999997,416.6,85.7,818.0,29,0,5,2,CC(=O)S[C@@H]1CC2=CC(=O)CC[C@@]2([C@@H]3[C@@H]1[C@@H]4CC[C@]5([C@]4(CC3)C)CCC(=O)O5)C
2677,2677,5702068,Active,62,0.0379019,404.5,101.0,786.0,29,2,6,4,CC(=O)OCC(=O)[C@]1(CCC2[C@@]1(C[C@@H](C3C2CCC4=CC(=O)CC[C@]34C)O)C)O
2691,2691,16760141,Active,50,28.4224,639.8,116.0,1340.0,46,2,9,3,C[C@@H]\\1C/C(=C/C[C@@H]2C[C@@H](C[C@@]3(O2)C/C(=N/OC)/[C@@H]([C@H](O3)/C(=C/C(C)C)/C)C)OC(=O)[C@@H]4C=C([C@H]([C@@H]5[C@]4(/C(=C/C=C1)/CO5)O)O)C)/C
2703,2703,8225,Active,54,2.21476,384.5,52.6,601.0,28,0,4,6,CCC(=O)O[C@H]1CC[C@@H]2[C@@]1(CC[C@H]3[C@H]2CCC4=C3C=CC(=C4)OC(=O)CC)C
2706,2706,14743,Active,84,0.00870756,420.6,43.4,747.0,31,0,3,5,C[C@]12CC[C@H]3[C@H]([C@@H]1CC[C@@H]2OC(=O)CCC4=CC=CC=C4)CCC5=CC(=O)CC[C@]35C
2718,2718,60196346,Active,56,0.21313800000000002,432.5,101.0,952.0,31,2,7,4,CC(=O)OCC(=O)[C@]1(C(=C)CC2[C@@]1(C[C@@H]([C@]3(C2CCC4=CC(=O)C=C[C@@]43C)F)O)C)O
2720,2720,443928,Active,54,2.05113,434.5,101.0,895.0,31,2,7,4,C[C@@H]1C[C@H]2[C@@H]3C[C@@H](C4=CC(=O)C=C[C@@]4([C@H]3[C@H](C[C@@]2([C@]1(C(=O)COC(=O)C)O)C)O)C)F
2734,2734,5994,Active,72,0.03266,314.5,34.1,589.0,23,0,2,1,CC(=O)[C@H]1CC[C@@H]2[C@@]1(CC[C@H]3[C@H]2CCC4=CC(=O)CC[C@]34C)C
2735,2735,6446,Active,65,0.08432039999999999,336.4,57.5,630.0,24,2,4,0,C[C@]12CCC(=O)C=C1CC[C@@H]3[C@@]2([C@H](C[C@]4([C@H]3CC[C@]4(C)O)C)O)F
2737,2737,6010,Active,81,0.00504666,302.5,37.3,550.0,22,1,2,0,C[C@]12CCC(=O)C=C1CC[C@@H]3[C@@H]2CC[C@]4([C@H]3CC[C@]4(C)O)C
2742,2742,9904,Active,79,0.00165644,274.4,37.3,466.0,20,1,2,0,C[C@]12CC[C@H]3[C@H]([C@@H]1CC[C@@H]2O)CCC4=CC(=O)CC[C@H]34
2743,2743,21700,Active,64,0.0337801,521.0,107.0,1050.0,36,1,7,8,CCC(=O)OCC(=O)[C@]1([C@H](C[C@@H]2[C@@]1(C[C@@H]([C@]3([C@H]2CCC4=CC(=O)C=C[C@@]43C)Cl)O)C)C)OC(=O)CC
2752,2752,16961,Active,52,2.55668,516.4,147.0,962.0,34,2,9,3,C[C@@H]1C[C@H]2[C@@H]3CCC4=CC(=O)C=C[C@@]4([C@]3([C@H](C[C@@]2([C@]1(C(=O)COP(=O)([O-])[O-])O)C)O)F)C.[Na+].[Na+]
2784,2784,3034658,Active,75,0.00578088,364.4,74.6,717.0,26,2,5,1,CC(=O)[C@]1(CC[C@@H]2[C@@]1(C[C@@H](C3([C@H]2CCC4=CC(=O)CC[C@@]43C)F)O)C)O
2833,2833,65953,Active,49,15.6793,457.3,117.0,764.0,30,2,7,9,CC1=C(C(C(=C(N1)COC(=O)N)C(=O)OC(C)C)C2=C(C(=CC=C2)Cl)Cl)C(=O)OC
2835,2835,443947,Active,51,2.13138,302.5,37.3,508.0,22,1,2,1,CC[C@H]1C[C@H]2[C@@H]3CCC4=CC(=O)CC[C@@H]4[C@H]3CC[C@@]2([C@H]1O)C
2882,2882,229455,Active,77,0.01028,406.6,43.4,703.0,30,0,3,5,C[C@]12CC[C@H]3[C@H]([C@@H]1CC[C@@H]2OC(=O)CCC4=CC=CC=C4)CCC5=CC(=O)CC[C@H]35
2883,2883,21800,Active,61,0.040147699999999995,504.6,107.0,1050.0,36,1,8,8,CCC(=O)OCC(=O)[C@]1([C@H](C[C@@H]2[C@@]1(C[C@@H]([C@]3([C@H]2CCC4=CC(=O)C=C[C@@]43C)F)O)C)C)OC(=O)CC
2892,2892,10041070,Active,59,0.916208,310.4,37.3,665.0,23,1,2,2,C[C@]12C=CC3=C4CCC(=O)C=C4CC[C@H]3[C@@H]1CC[C@]2(CC=C)O
2901,2901,5832,Active,60,0.0129418,340.5,43.4,695.0,25,0,3,3,CC(=O)O[C@]1(CC[C@@H]2[C@@]1(CC[C@H]3[C@H]2CCC4=CC(=O)CC[C@H]34)C)C#C
2905,2905,6526396,Active,46,7.00369,557.6,235.0,976.0,37,2,14,13,CC(C)OC(=O)OC(C)OC(=O)C1=C(CS[C@H]2N1C(=O)[C@H]2NC(=O)/C(=N\\OC)/C3=CSC(=N3)N)COC
2909,2909,5311051,Active,47,3.79019,410.9,74.6,808.0,28,2,5,2,C[C@H]1C[C@H]2[C@@H]3CCC4=CC(=O)C=C[C@@]4([C@]3([C@H](C[C@@]2([C@]1(C(=O)CCl)O)C)O)F)C
2918,2918,10631,Active,75,0.000785827,344.5,54.4,664.0,25,1,3,1,C[C@H]1C[C@@H]2[C@H](CC[C@]3([C@H]2CC[C@@]3(C(=O)C)O)C)[C@@]4(C1=CC(=O)CC4)C
2919,2919,192826,Active,49,8.81713,504.4,269.0,641.0,34,11,16,7,C([C@@H]1[C@H]([C@@H]([C@H]([C@H](O1)O[C@@H]2[C@H](O[C@@H]([C@@H]([C@H]2O)O)O[C@@H]3[C@H](O[C@@H]([C@@H]([C@H]3O)O)O)CO)CO)O)O)O)O
2920,2920,656804,Active,56,0.441903,460.5,138.0,950.0,33,3,8,7,C[C@]12C[C@@H]([C@H]3[C@H]([C@@H]1CC[C@@]2(C(=O)COC(=O)CCC(=O)O)O)CCC4=CC(=O)C=C[C@]34C)O
2932,2932,65359,Active,61,0.05780880000000001,612.6,368.0,879.0,40,10,16,21,C(CC(=O)N[C@@H](CSSC[C@@H](C(=O)NCC(=O)O)NC(=O)CC[C@@H](C(=O)O)N)C(=O)NCC(=O)O)[C@@H](C(=O)O)N
2933,2933,10633,Active,67,0.00535378,304.5,37.3,500.0,22,1,2,0,C[C@]12CCC(=O)C[C@@H]1CC[C@@H]3[C@@H]2CC[C@]4([C@H]3CC[C@]4(C)O)C
2940,2940,443753,Active,47,18.2807,476.5,219.0,233.0,31,6,10,10,CC(C)(CO)[C@H](C(=O)NCCC(=O)[O-])O.CC(C)(CO)[C@H](C(=O)NCCC(=O)[O-])O.[Ca+2]
2947,2947,19571,Active,54,2.39145,328.4,46.5,490.0,24,1,3,3,CCC(=O)O[C@H]1CC[C@@H]2[C@@]1(CC[C@H]3[C@H]2CCC4=C3C=CC(=C4)O)C
2962,2962,23673837,Active,49,11.9856,444.6,118.0,546.0,29,0,7,18,CCCCC(CC)COC(=O)CC(C(=O)OCC(CC)CCCC)S(=O)(=O)[O-].[Na+]
2967,2967,60496,Active,49,15.6793,567.1,163.0,830.0,38,3,10,11,CCOC(=O)C1=C(NC(=C(C1C2=CC=CC=C2Cl)C(=O)OC)C)COCCN.C1=CC=C(C=C1)S(=O)(=O)O
2970,2970,5745,Active,58,0.0253315,402.5,97.7,827.0,29,1,6,4,CC(=O)OCC(=O)[C@]1(CC[C@@H]2[C@@]1(CC(=O)[C@H]3[C@H]2CCC4=CC(=O)CC[C@]34C)C)O
2976,2976,6301,Active,47,9.89298,228.07,33.1,214.0,14,1,2,0,CC1=NC2=C(C=C1)C(=CC(=C2O)Cl)Cl
2985,2985,16158,Active,61,0.0648625,494.6,101.0,1030.0,35,2,8,5,C[C@@H]1C[C@H]2C3C[C@@H](C4=CC(=O)C=CC4([C@]3([C@H](CC2([C@]1(C(=O)COC(=O)C(C)(C)C)O)C)O)F)C)F
2986,2986,23694214,Active,58,0.145209,484.5,141.0,915.0,34,2,8,7,C[C@]12CCC(=O)C=C1CC[C@@H]3[C@@H]2[C@H](C[C@]4([C@H]3CC[C@@]4(C(=O)COC(=O)CCC(=O)[O-])O)C)O.[Na+]
3002,3002,23680530,Active,60,0.106822,496.5,141.0,988.0,35,2,8,7,C[C@H]1C[C@H]2[C@@H]3CC[C@@]([C@]3(C[C@@H]([C@@H]2[C@@]4(C1=CC(=O)C=C4)C)O)C)(C(=O)COC(=O)CCC(=O)[O-])O.[Na+]
3014,3014,6054,Active,47,21.3138,122.16,20.2,65.0,9,1,1,2,C1=CC=C(C=C1)CCO
3035,3035,63049,Active,62,0.0425266,504.6,107.0,1050.0,36,1,8,8,CCC(=O)OCC(=O)[C@]1([C@@H](C[C@@H]2[C@@]1(C[C@@H]([C@]3([C@H]2CCC4=CC(=O)C=C[C@@]43C)F)O)C)C)OC(=O)CC
3067,3067,5284587,Active,59,0.00495824,372.5,91.7,795.0,27,2,5,2,C[C@H]1C[C@H]2[C@@H]3CCC4=CC(=O)C=C[C@@]4([C@H]3C(=O)C[C@@]2([C@]1(C(=O)CO)O)C)C
3187,3187,5743,Active,55,1.9285400000000001,392.5,94.8,805.0,28,3,6,2,C[C@@H]1C[C@H]2[C@@H]3CCC4=CC(=O)C=C[C@@]4([C@]3([C@H](C[C@@]2([C@]1(C(=O)CO)O)C)O)F)C
3215,3215,115157,Active,48,8.56813,428.5,107.0,483.0,30,0,9,22,CCC(COCCOC(=O)C=C)(COCCOC(=O)C=C)COCCOC(=O)C=C
3285,3285,10474,Active,49,51.9057,199.0,47.6,10.0,6,0,4,0,[C-]#N.[C-]#N.[K+].[Ag+]
3306,3306,26633,Active,47,4.85531,361.9,72.7,73.0,17,0,4,4,CCN(CC)C(=S)[S-].CCN(CC)C(=S)[S-].[Zn+2]
3521,3521,197873,Active,58,3.60216,245.71,64.9,232.0,17,3,3,0,C1=CC(=CC2=NC3=C(C=CC(=C3)N)C=C21)N.Cl
3543,3543,25015,Active,67,0.00325022,270.4,37.3,566.0,20,1,2,0,C[C@]12C=CC3=C4CCC(=O)C=C4CC[C@H]3[C@@H]1CC[C@@H]2O
3668,3668,6013,Active,88,0.0014244000000000001,288.4,37.3,508.0,21,1,2,0,C[C@]12CC[C@H]3[C@H]([C@@H]1CC[C@@H]2O)CCC4=CC(=O)CC[C@]34C
3680,3680,2336,Active,54,5.60115,252.3,0.0,372.0,20,0,0,0,C1=CC=C2C3=C4C(=CC2=C1)C=CC5=C4C(=CC=C5)C=C3
3796,3796,73773,Active,48,54.7864,415.5,36.0,590.0,31,0,5,5,CN(C)C1=CC=C(C=C1)C2(C3=C(C=C(C=C3)N(C)C)C(=O)O2)C4=CC=C(C=C4)N(C)C
3818,3818,13428,Active,45,50.7076,260.899,45.8,209.0,13,0,2,0,C1=C(C(=C(C(=C1Cl)Cl)Cl)Cl)[N+](=O)[O-]
3971,3971,19996,Active,50,4.38495,214.21,61.8,210.0,15,0,5,10,C=CC(=O)OCCOCCOC(=O)C=C
4021,4021,637930,Active,46,51.2636,78.07,47.6,119.0,6,0,2,0,C(=C/C#N)\\C#N
4028,4028,62770,Active,69,0.28353,564.0,186.0,960.0,39,6,11,4,C[C@H]1[C@H]([C@H](C[C@@H](O1)O[C@H]2C[C@@](CC3=C2C(=C4C(=C3O)C(=O)C5=C(C4=O)C(=CC=C5)OC)O)(C(=O)C)O)N)O.Cl
4051,4051,6389,Active,47,30.8125,137.36,0.0,28.4,5,0,1,0,C(F)(Cl)(Cl)Cl
4068,4068,53665,Active,47,9.327910000000001,217.43,46.5,223.0,11,1,3,1,C1(C(=C(C(=O)O1)Cl)C(Cl)Cl)O
4069,4069,68289,Active,56,0.577411,138.12,38.7,126.0,10,1,3,0,C1OC2=C(O1)C=C(C=C2)O
4108,4108,68570,Active,50,1.07551,272.4,40.5,382.0,20,2,2,0,C[C@]12CC[C@H]3[C@H]([C@@H]1CC[C@H]2O)CCC4=C3C=CC(=C4)O
4175,4175,25644,Active,47,7.85757,226.27,52.6,219.0,16,0,4,11,C=CC(=O)OCCCCCCOC(=O)C=C
4189,4189,6537,Active,50,4.96933,434.6,44.8,345.0,29,0,4,21,CCCCC(CC)COP(=O)(OCC(CC)CCCC)OCC(CC)CCCC
4199,4199,8846,Active,49,20.8227,128.16899999999998,26.3,97.1,9,0,2,5,CCCCOC(=O)C=C
4208,4208,7592,Active,51,6.6025100000000005,177.2,46.2,195.0,13,1,2,3,CC(=O)CC(=O)NC1=CC=CC=C1
4229,4229,7946,Active,53,2.61964,132.16,35.5,90.3,9,0,3,4,CC(COC)OC(=O)C
4376,4376,4420,Active,46,14.4674,380.78,44.8,206.0,13,0,4,5,COP(=O)(OC)OC(C(Cl)(Cl)Br)Br
4433,4433,9128,Active,47,51.5252,252.3,0.0,336.0,20,0,0,0,C1=CC=C2C(=C1)C3=CC=CC4=C3C5=C(C=CC=C25)C=C4
4504,4504,40000,Active,69,0.55611,430.5,93.1,862.0,31,2,6,4,CCC[C@@H]1O[C@@H]2C[C@H]3[C@@H]4CCC5=CC(=O)C=C[C@@]5([C@H]4[C@H](C[C@@]3([C@@]2(O1)C(=O)CO)C)O)C
4645,4645,19042,Active,49,1.83312,298.29,99.1,365.0,21,1,7,13,C=CC(=O)OCC(CO)(COC(=O)C=C)COC(=O)C=C
4719,4719,8749,Active,48,3.3694,150.18,32.7,128.0,11,0,3,1,CN(C)C1=CC=C(C=C1)N=O
4753,4753,27423,Active,50,4.3089900000000005,296.31,78.9,364.0,21,0,6,13,CCC(COC(=O)C=C)(COC(=O)C=C)COC(=O)C=C
4761,4761,26041,Active,51,0.850484,317.7,52.9,183.0,17,0,4,2,C1=CC=[N+](C(=C1)[S-])[O-].C1=CC=[N+](C(=C1)[S-])[O-].[Zn+2]
4897,4897,9153,Active,47,28.5119,252.3,0.0,372.0,20,0,0,0,C1=CC=C2C3=C4C(=CC=C3)C5=CC=CC=C5C4=CC2=C1
4923,4923,7031,Active,49,1.47177,268.35,23.6,281.0,20,0,3,4,CN(C)C1=CC=C(C=C1)C(=O)C2=CC=C(C=C2)N(C)C
4939,4939,980,Active,80,0.001,139.11,66.0,123.0,10,1,3,0,C1=CC(=CC=C1[N+](=O)[O-])O
4994,4994,28803,Active,49,7.22421,302.32,80.3,284.0,21,0,7,16,C=CC(=O)OCCOCCOCCOCCOC(=O)C=C
5040,5040,16682804,Active,53,24.5382,409.1,26.3,332.0,23,0,2,5,CC(=O)O[Sn](C1=CC=CC=C1)(C2=CC=CC=C2)C3=CC=CC=C3
5112,5112,12038941,Active,45,47.2611,235.07,3.9,55.4,9,0,1,1,CC[N+]1=CC=CC=C1.[I-]
5144,5144,9117,Active,50,2.18597,276.3,0.0,411.0,22,0,0,0,C1=CC2=C3C(=C1)C4=CC=CC5=C4C6=C(C=C5)C=CC(=C36)C=C2
5198,5198,13530,Active,51,3.92763,161.41,17.1,70.6,7,0,1,2,C(C(=O)C(Cl)Cl)Cl
5297,5297,95717,Active,47,21.316999999999997,270.3,17.1,441.0,21,0,1,0,C1CC2=C(C=C3C=CC4=C5C3=C2C=CC5=CC=C4)C(=O)C1
5317,5317,44368,Active,57,3.41455,266.3,0.0,399.0,21,0,0,0,CC1=C2C=C3C=CC4=C5C3=C(C2=CC=C1)C=CC5=CC=C4
5337,5337,82703,Active,49,4.25786,240.68,17.1,267.0,17,0,1,1,C1=CC=C2C(=C1)C(=C3C=CC=CC3=C2Cl)C=O
5382,5382,19658,Active,47,24.2922,149.15,58.4,162.0,9,0,2,0,C1=CC(=S)N(C=C1)[O-].[Na+]
5409,5409,18173271,Active,50,21.0963,539.1,71.3,750.0,38,2,6,7,CC1=NC(=NO1)C2=CC3=C(CCN(CC3)CCC4CCC(CC4)NC(=O)/C=C/C5=CC=C(C=C5)F)C=C2.Cl
5414,5414,11472813,Active,47,3.8895199999999996,325.21,70.1,452.0,22,1,9,4,C1=CC(=C(C=C1N(CC(=O)N)CC(F)(F)F)C(F)(F)F)C#N
5426,5426,9909677,Active,51,4.712269999999999,413.5,96.0,545.0,29,2,6,9,CCN(CC)CCNC1=C2C(=C(C=C1)CNC=O)SC3=C(C2=O)C=C(C=C3)OC
5437,5437,9872438,Active,46,12.1364,556.6,126.0,1200.0,39,0,9,9,CC(C)C1=C2C(=CC(=C1)OC)S(=O)(=O)N(C2=O)COC3=CC(=O)N4C=CC=C(C4=N3)OCCN5CCCCC5
5485,5485,5991,Active,47,4.53485,296.4,40.5,505.0,22,2,2,1,C[C@]12CC[C@H]3[C@H]([C@@H]1CC[C@]2(C#C)O)CCC4=C3C=CC(=C4)O
5529,5529,11477651,Active,51,50.3626,505.9,83.8,521.0,29,2,5,6,CCCOC1=C(C(=C(S1)C(=O)N2CCC(CC2)C3=C(C=CC(=C3)CN)F)C)Br.Cl
5553,5553,11057,Active,47,29.1673,408.0,9.5,542.0,29,0,3,4,CN(C)C1=CC=C(C=C1)C(=C2C=CC(=[N+](C)C)C=C2)C3=CC=C(C=C3)N(C)C.[Cl-]
5584,5584,65067,Active,46,41.9981,248.4,84.7,197.0,15,0,3,2,C1=CSC(=C1)C2=CC=C(S2)C3=CC=CS3
5600,5600,7626,Active,49,30.8956,149.15,45.8,154.0,11,0,2,1,C1=CC=C(C=C1)C=C[N+](=O)[O-]
5649,5649,6327657,Active,58,21.8724,368.0,1.0,207.0,20,1,1,3,C1=CC=C(C=C1)[Sn](C2=CC=CC=C2)C3=CC=CC=C3.O
5763,5763,70613,Active,47,18.4033,198.22,52.6,196.0,14,0,4,9,C=CC(=O)OCCCCOC(=O)C=C
5856,5856,30692,Active,46,28.613000000000003,238.4,116.0,238.0,14,0,5,3,C1=CC=C2C(=C1)N=C(S2)SCSC#N
5947,5947,8010,Active,46,21.8724,66.06,47.6,82.6,5,0,2,0,C(C#N)C#N
6012,6012,66573,Active,45,54.941,240.26,50.8,328.0,18,0,2,1,CCN1C2=C(C=C(C=C2)[N+](=O)[O-])C3=CC=CC=C31
6022,6022,4128060,Active,47,18.0536,300.35,71.1,352.0,21,0,6,13,CC(COC(C)COC(=O)C=C)OCC(C)OC(=O)C=C
6123,6123,17701,Active,49,7.760619999999999,285.8,0.0,51.3,8,0,0,3,CC[Sn](CC)(CC)Br
6161,6161,18980,Active,47,19.4938,145.16,62.2,219.0,11,2,1,0,C1=CC=C2C(=C1)C(=NC2=N)N
6379,6379,108956,Active,48,0.609064,524.5,161.0,789.0,37,1,12,25,C=CC(=O)OCC(CO)(COCC(COC(=O)C=C)(COC(=O)C=C)COC(=O)C=C)COC(=O)C=C
6386,6386,170286,Active,49,2.06489,423.4,140.0,638.0,30,0,9,15,C=CC(=O)OCCN1C(=O)N(C(=O)N(C1=O)CCOC(=O)C=C)CCOC(=O)C=C
6507,6507,23665583,Active,47,9.77004,307.07,66.4,309.0,17,0,4,4,COC1=CC=C(C=C1)C(=O)/C(=C\\C(=O)[O-])/Br.[Na+]
6604,6604,16683023,Active,49,15.4845,366.77,46.5,166.0,13,1,3,4,CC(C(=O)O[Hg]C1=CC=CC=C1)O
6656,6656,69484,Active,45,43.6412,164.59,43.4,133.0,10,0,3,5,CCOC(=O)CC(=O)CCl
6836,6836,16533,Active,63,0.00640565,476.6,101.0,957.0,34,2,7,7,CCCCC(=O)O[C@@]1([C@H](C[C@@H]2[C@@]1(C[C@@H]([C@]3([C@H]2CCC4=CC(=O)C=C[C@@]43C)F)O)C)C)C(=O)CO
6963,6963,65478,Active,66,0.00141027,516.4,147.0,962.0,34,2,9,3,C[C@H]1C[C@H]2[C@@H]3CCC4=CC(=O)C=C[C@@]4([C@]3([C@H](C[C@@]2([C@]1(C(=O)COP(=O)([O-])[O-])O)C)O)F)C.[Na+].[Na+]
6976,6976,16682953,Active,53,32.1043,500.0,26.3,332.0,23,0,2,5,CC(=O)O[Pb](C1=CC=CC=C1)(C2=CC=CC=C2)C3=CC=CC=C3
7198,7198,6,Active,47,19.4962,202.55,91.6,224.0,13,0,4,0,C1=CC(=C(C=C1[N+](=O)[O-])[N+](=O)[O-])Cl
7343,7343,16051930,Active,55,0.00245412,312.4,37.3,609.0,23,1,2,2,CC[C@]12CC[C@H]3[C@H]([C@@H]1CCC2(C#C)O)CCC4=CC(=O)CC[C@H]34
7386,7386,171660,Active,48,17.9904,195.22,62.2,321.0,15,2,1,0,C1=CC=C2C=C3C(=CC2=C1)C(=NC3=N)N
7409,7409,29393,Active,49,2.7575,346.36,163.0,493.0,23,1,8,6,CCCN(CCC)C1=C(C=C(C=C1[N+](=O)[O-])S(=O)(=O)N)[N+](=O)[O-]
